-- phpMyAdmin SQL Dump
-- version 4.8.5
-- https://www.phpmyadmin.net/
--
-- Host: 127.0.0.1
-- Generation Time: Apr 30, 2020 at 02:30 PM
-- Server version: 10.1.40-MariaDB
-- PHP Version: 7.3.5

SET SQL_MODE = "NO_AUTO_VALUE_ON_ZERO";
SET AUTOCOMMIT = 0;
START TRANSACTION;
SET time_zone = "+00:00";


/*!40101 SET @OLD_CHARACTER_SET_CLIENT=@@CHARACTER_SET_CLIENT */;
/*!40101 SET @OLD_CHARACTER_SET_RESULTS=@@CHARACTER_SET_RESULTS */;
/*!40101 SET @OLD_COLLATION_CONNECTION=@@COLLATION_CONNECTION */;
/*!40101 SET NAMES utf8mb4 */;

--
-- Database: `speedo_tours`
--

-- --------------------------------------------------------

--
-- Table structure for table `blogposts`
--

CREATE TABLE `blogposts` (
  `PostID` int(11) NOT NULL,
  `EmployeeID` int(11) NOT NULL,
  `PostTitle` varchar(255) NOT NULL,
  `PostMonth` varchar(255) NOT NULL,
  `PostYear` varchar(255) NOT NULL,
  `PostText` text NOT NULL,
  `Suspended` set('Enabled','Disabled') NOT NULL
) ENGINE=InnoDB DEFAULT CHARSET=latin1;

--
-- Dumping data for table `blogposts`
--

INSERT INTO `blogposts` (`PostID`, `EmployeeID`, `PostTitle`, `PostMonth`, `PostYear`, `PostText`, `Suspended`) VALUES
(3, 3, 'Company Establishment', 'SEP', '1989', 'ahsbdhjdadvhuiwbvewjfw', 'Disabled'),
(4, 3, 'First Aniversairy', 'SEP', '1990', 'dkfnjwkfjkwbjekfjwebdfwed', 'Enabled'),
(12, 3, '10 Years of Speedo Tours   ', 'OCT', '1977', 'kgujgjglukglk kjbjkbkj\r\nahsijanoanoi', 'Enabled');

-- --------------------------------------------------------

--
-- Table structure for table `cruise`
--

CREATE TABLE `cruise` (
  `CruiseID` int(11) NOT NULL,
  `CruiseName` varchar(30) NOT NULL,
  `NumberofCabins` int(11) NOT NULL,
  `Captain` varchar(50) NOT NULL,
  `Pets` set('TRUE','FALSE') NOT NULL,
  `Fishing` set('TRUE','FALSE') NOT NULL,
  `SunBathing` set('TRUE','FALSE') NOT NULL,
  `Pool` set('TRUE','FALSE') NOT NULL,
  `Suspended` set('Enabled','Disabled') NOT NULL DEFAULT 'Enabled'
) ENGINE=InnoDB DEFAULT CHARSET=utf8mb4;

--
-- Dumping data for table `cruise`
--

INSERT INTO `cruise` (`CruiseID`, `CruiseName`, `NumberofCabins`, `Captain`, `Pets`, `Fishing`, `SunBathing`, `Pool`, `Suspended`) VALUES
(4, 'RMS Titanic', 250, 'Edward Smith', 'TRUE', 'FALSE', 'FALSE', 'TRUE', 'Disabled');

-- --------------------------------------------------------

--
-- Table structure for table `employees`
--

CREATE TABLE `employees` (
  `EmployeeID` int(11) NOT NULL,
  `Name` varchar(60) NOT NULL,
  `JobType` set('ADMIN','SUPPORT','TOURGUIDE') NOT NULL,
  `Email` varchar(60) NOT NULL,
  `Username` varchar(60) NOT NULL,
  `Password` varchar(60) NOT NULL,
  `Suspended` set('Enabled','Disabled') NOT NULL DEFAULT 'Enabled'
) ENGINE=InnoDB DEFAULT CHARSET=utf8mb4;

--
-- Dumping data for table `employees`
--

INSERT INTO `employees` (`EmployeeID`, `Name`, `JobType`, `Email`, `Username`, `Password`, `Suspended`) VALUES
(3, 'John Doe', 'ADMIN', 'test@test', 'test', 'test', 'Enabled'),
(4, 'Al Pacino', 'SUPPORT', 'test1@test1', 'test1', 'test1', 'Enabled');

-- --------------------------------------------------------

--
-- Table structure for table `gallery`
--

CREATE TABLE `gallery` (
  `PictureId` int(11) NOT NULL,
  `PackageId` int(11) DEFAULT NULL,
  `HotelId` int(11) DEFAULT NULL,
  `picture` longtext NOT NULL
) ENGINE=InnoDB DEFAULT CHARSET=utf8mb4;

-- --------------------------------------------------------

--
-- Table structure for table `guest`
--

CREATE TABLE `guest` (
  `GuestID` int(11) NOT NULL,
  `FirstName` varchar(20) NOT NULL,
  `LastName` varchar(20) NOT NULL,
  `Gender` set('MALE','FEMALE') NOT NULL,
  `Age` int(3) NOT NULL,
  `NationalID` int(11) NOT NULL,
  `PassportNumber` int(9) NOT NULL,
  `Phone` int(11) NOT NULL,
  `City` varchar(15) NOT NULL,
  `Country` varchar(15) NOT NULL,
  `Email` varchar(50) NOT NULL,
  `Username` varchar(50) NOT NULL,
  `Password` varchar(50) NOT NULL,
  `BankAccount` int(20) NOT NULL,
  `Suspended` set('Enabled','Disabled') NOT NULL DEFAULT 'Enabled',
  `Image` longtext NOT NULL
) ENGINE=InnoDB DEFAULT CHARSET=utf8mb4;

--
-- Dumping data for table `guest`
--

INSERT INTO `guest` (`GuestID`, `FirstName`, `LastName`, `Gender`, `Age`, `NationalID`, `PassportNumber`, `Phone`, `City`, `Country`, `Email`, `Username`, `Password`, `BankAccount`, `Suspended`, `Image`) VALUES
(1, 'Robert', 'Deniro', 'MALE', 60, 0, 0, 17822676, 'Corleone', 'Italy', 'khaled1701294@miuegypt.edu.eg', 'test', 'test', 0, 'Enabled', ''),
(2, 'Sean', 'Connery', 'MALE', 75, 0, 0, 126867, 'London', 'England', 'ramez1700124@miuegypt.edu.eg', 'ramez', 'test', 0, 'Enabled', '');
INSERT INTO `guest` (`GuestID`, `FirstName`, `LastName`, `Gender`, `Age`, `NationalID`, `PassportNumber`, `Phone`, `City`, `Country`, `Email`, `Username`, `Password`, `BankAccount`, `Suspended`, `Image`) VALUES
(5, 'Nour Eldeen', 'Mohamed', 'MALE', 0, 3, 2, 0, '', 'Armenia', 'noureldeen1710734@miuegypt.edu.eg', 'test123', 'test', 1, 'Enabled', 'data:image/jpg;base64,/9j/4AAQSkZJRgABAgAAAQABAAD/7QB8UGhvdG9zaG9wIDMuMAA4QklNBAQAAAAAAF8cAigAWkZCTUQyMzAwMDk4NzAzMDAwMDVlMTkwMDAwOGUxZTAwMDAyMzI0MDAwMDhlNDYwMDAwMzI1NjAwMDAzZTYzMDAwMDQzNzkwMDAwMzM4NjAwMDA3ZTk1MDAwMAD/4gIcSUNDX1BST0ZJTEUAAQEAAAIMbGNtcwIQAABtbnRyUkdCIFhZWiAH3AABABkAAwApADlhY3NwQVBQTAAAAAAAAAAAAAAAAAAAAAAAAAAAAAAAAAAA9tYAAQAAAADTLWxjbXMAAAAAAAAAAAAAAAAAAAAAAAAAAAAAAAAAAAAAAAAAAAAAAAAAAAAAAAAAAAAAAApkZXNjAAAA/AAAAF5jcHJ0AAABXAAAAAt3dHB0AAABaAAAABRia3B0AAABfAAAABRyWFlaAAABkAAAABRnWFlaAAABpAAAABRiWFlaAAABuAAAABRyVFJDAAABzAAAAEBnVFJDAAABzAAAAEBiVFJDAAABzAAAAEBkZXNjAAAAAAAAAANjMgAAAAAAAAAAAAAAAAAAAAAAAAAAAAAAAAAAAAAAAAAAAAAAAAAAAAAAAAAAAAAAAAAAAAAAAAAAAAAAAAAAAAAAAAAAAAAAAAAAAAAAAAAAAAB0ZXh0AAAAAEZCAABYWVogAAAAAAAA9tYAAQAAAADTLVhZWiAAAAAAAAADFgAAAzMAAAKkWFlaIAAAAAAAAG+iAAA49QAAA5BYWVogAAAAAAAAYpkAALeFAAAY2lhZWiAAAAAAAAAkoAAAD4QAALbPY3VydgAAAAAAAAAaAAAAywHJA2MFkghrC/YQPxVRGzQh8SmQMhg7kkYFUXdd7WtwegWJsZp8rGm/fdPD6TD////bAEMABgQFBgUEBgYFBgcHBggKEAoKCQkKFA4PDBAXFBgYFxQWFhodJR8aGyMcFhYgLCAjJicpKikZHy0wLSgwJSgpKP/bAEMBBwcHCggKEwoKEygaFhooKCgoKCgoKCgoKCgoKCgoKCgoKCgoKCgoKCgoKCgoKCgoKCgoKCgoKCgoKCgoKCgoKP/CABEIAoACgAMAIgABEQECEQH/xAAcAAABBQEBAQAAAAAAAAAAAAAAAQIDBAUGBwj/xAAaAQEAAwEBAQAAAAAAAAAAAAAAAQIDBAUG/9oADAMAAAEQAhAAAADzsRfa+brZ2ln00yMvXzubszS07LZlt1rTKNlyG1M+teqZ7VopY6aIpNBzpFvSrFcr1tEBFgAAAANjH6fl5lQKwAABIAAFEAgAADpNAAAAAVAeiKNHATRyTFmenJfO6ytHMTxQx1vNFG2tntQTJYrWZrZmbY0xhdPJNWW0saZ7ToXdHK2jcq1vnUtKtjvQfMzPRXxMmLEVeOLTU5I63rpYWt4JJVmBHsVZBPBW8COK3aSTIqluOUA6SJ6zk++5u1ufHspVU06czABEAEixXmiWLrZY6v0/MIJIyVupt4iQBAAAAAAqA+SB0xM6BCaJqQAEgAKKLarT2revUNDXCaZLOuDZnvvm58S2qQSRxaCvZq53qVJMnDqtwVEppO2Ii08tN5fkrWr5PZM21YY5oK2ihkhpojo5ImXRo7WlK1ffzL1ydjO67PXVwNeJtymF3XGUpp7fL9vePPW7eJnAALtYnZJrYfU8/e2/x/Y5sMen0/PRXd5/TZM5gLFUJIwAAAAAAAAAAAFeksw0cCPYqL9/Mv7Y6Fqpd25rEjZdcqroytljdHEx0bOfnrn5lynzdgBWwAABNezbtqX1ZPthDWuQVtTr3IM9ayjYvc1sDfmuonVLrPnnqnn3d0aq5OPNreLPfrbyn1taETz/ACXr3k8Vii7filW9XyvaROpjdLBeZYZKjPsec35LW8dX0Xz6k4vY8f3mVrHnX0F8/UugG2IAAAAAAAAAEkkT5hzXtmI3MStrd3JsXp0Gnga/RyasleXbmpDHU0InxJgzr+dltl1rNbn6wCJAAAFt07k10LEE+/OkFmIq1b1PPSm1zc9jXyHJ9go1envp1PacLqbeD7Fk8TBOPoWbylpLfOeyx8/b87Sj6Nn0efcD6Bx9s8X1LzX3CrpvRfOdrbze+o4KdfznQ49SlFY/nf3j575PfwPSeY3eT3Pb/nL6O+asN8EDr4wAAcNHtQgCQAAeLMWLUjZdjtXOZPBnoOaJ0dXndDTHo7OJa6Oa26vLNHRPhmY8+ejjtUp3auHTGKkWAAACzWU2rOZd2552CWrf7b0tvH3/ACoy1V0ytN7jey6PMPT+Rxt8vfJfB+ys9Kdy+1ZfSmQmxtGGL1ufvyzGdwPrPl0Rb7+K+m/JETazJTFNBc+JHMeXdv1sUu8n2/Rc3ZJ8j/R/zvXLU630v2LLo+DE9X8r6uInbY0yRtpbVoQ6MUTRLKVtHI6aYWy6zrjFDchmMmpoZ+HQgEWJ4HI07GZa0y15cyTXG/DVhgtBamXQrApoAAAAAADrNQmNTquE+la26Pja2/pfxPjvoj59rTpfrX4p+8ePv+UbXcZ3fy5U+pbk2RCZUBDczSjic3YQK3Bd5lo3HiJAIkVFFztGvNUtIs1f7x497H5vf80eH+1c5ryfRHknVW46POvGPaPF9+N88MunPYWNLUWNsMXcyKStp7kFu+U0kTtMlrlWt46E0GPQARIo8kmbNeg6Fs1lrxMrcQK2AAAAAAAAAAX7G+N/ubl6+K9IdZ5+qL4u+ovMurl8E+/Pgj7UiPM2beJ1wAWgAk4QQogAuPE6MsUExdSjeiQAFRRRCYUQOr9X869J8n0Pi/13w36yvj5513LM2pyPiXu/h3ZxK56MWxLXSjEWlywksxM6vBat2OilZsQsIsARIAEsTy3Ygta4x1tagZzXsz2AIAABKRFpJisWGkI9sSgqC/Uny1qZ6/b1vxfW5u3nPRfJun6MPIveqGJhfuOK9P8AMemqAdGYBAAACYVAiVEJKgQAAAACQqCPTOizI/F9PzD6AzPn21aRzvSet5lrxL1Hy2/MsSVqnQOWt0nLCrEswWrUheymgBEgAAAADmyFm1DNrlqZ1/PvllxSR8/SAJAAAAAFQHIgKgACnf8Ae+C+k2v2vKdYXtq89InNr9AeL/Qvz1lsAd3OAsEFQAAAAAAAAAAAABp7Zidb4l5XdH5XZ3PR4c/pdTx7bHFzYW5Uc1CDnxPlatUrl85a09KYqtDLYAAAAUQdIiO465ejHTNvk6nJXi1Fjm5bACQAAAAAAAAABzQeNDv/AEn531LX94o5vT2v7v413OF5/Zx4J6PIqtUECJAAI4S0YzDcMa8WxUAAAAcmhE+5/Nnr/l/HtyvWM8g7eS5wg2mYBAABUkJbEE1qPo2Kg0CtwAAAnisTWSy21pmSxuvmsZHE10ldW+bBoUc9GgRYAAAVFQAAAAAAAABUA2cYT9H+l/H/ANqcff5EqHoc4AABXztkK9nisuHpJ55NLv6nL9gVLYAAAAvQ87vUt55w/DyY0u0g1wAAABXzojtyXNMqbb1a0UKs8GWwBEgrhqogtmvZmtqavLplK1GzCIETadMumebl6+VjvEBTQAAAAAAAAAAAAAAAAD6H+eIMuj6YMfY6JAJgABUCHhu/U8r2+5CpaAAAABUJHFdN895TXtVLdcgC2YACo4taFbS1wdIsemSZ8+bTSvG52O7VRqVQAAHz15JrbnqWr5yLNNelN9x9qkc8E0zsrUycOpoFNAAAAACVk8w1s0cxCgVsAADhpIgwAWjdp01te8/O+lGv0gYO90VBUAAAAAAAAAAkMXw2iHlxee81pj9OcAtQAB7HI0bmZJplpV6kUnwNjz1ewIkAAAAAliC9ZyLF6blzN19+aSaWxtz4deatjvn5l/O5+oArcAAAABbNaaYdArIACR7AmSIAAAApXqVNIgM97nunz/PaPpxOS63oqAswCkkRzQASAQEj8WqfxInPcc3szS4v03zTXnaSpOcYCQVwr4mye1CAAAAAAAAAAA5qmxt4W508etZrWunk5enPS5e2hVkjw6QCJAAAAAFQAAAAAAHDRUAAWlcp00iFXPdpM2YT13x8l9SJ49670VmFNM0RyjGuK2TPyvFc7aHNubhYAiT3nzP3fWON8j9t8QjF4xNMkQIkAAAAAAAAAAAAAAAlZdmt3bzdXp5NCxXn6OXj6N3P4vQoIqZbgAAAAAAAAAAKI5881gdPCmBAiQAXqOZ+oc9+E8n+hM7or89wbWFhMTQz1XoedJfR+v8AMfpfRn6icbDevb+ecrymco2V2aulpCmy50cT6X3edt624Lw33bwjCioG2IAAAAAAAAAAAAAACvbPMS3or2uFjRp29+a3LWk1y5fO1M7j7s5HNx3AEgAAAAAABIFiaW+cQ+kh1dEroA+CySyWrF9LfNn0plvQGL0Wz/Afo7Ipf5zL1HnsAQWSJZiV0Ms1llisXo90klsoCykq3uXHen6k08uWNcb59+gPn/kkA2xAAAAAAAAAAAAAAAJI1Rp6GNpa46VmhY257rqi2pQz9bPy6MVk0PP0gCQAAAAAAJ4JZjQdE2+UNZXU1YuleaZNm+trVodV9sue+mfnb6K5d8hyt6JAWXP+CfTnEZz4kSJjLUVAmhkLdmnPphfkqLpnZ2U9gtadUbbRY3trdPnH6c+Y+WADbAAAAAAAAAAAAAAAAAJNPK0b00Ja8m3PYKxMX6OjTmuFT1Mzm7EArYAAAAAABUCZsduT9VsltkHCyKoh0kckwfSXzX9Jcu+DR0KPTkg516tchNfHfP8A6Y+d+fTLAxuACuYSm7XO910or0NgqAIob3yh9rfJPJfn16CPp58SToXJ5Y6PBisQEVAAAAAAAAAAAUfoQaGmTlVNM0aRw3aklS+VPL0s7DqiApoAAAAAAAAGnmPTs28uS2ugUoZai0bwORUr9E/O30fza0sbf5/pxUZHZKgiV5DrlrPy832LyHntGBWSeD0i0ekaQdNQAAaOVBHrXyV9UfO3F0cmgnZgojEPztHDitQWeuVc0KKWgIAAFBHWLtq5ptl6Y9nSlmtWxMy+ccRSraaCBmeu9UfRvmUXxZbAEWAAAAv3JtiLvyzbnHdEpzq9EpztzVpk9ipn2z1YMuaGrNSttl+q/lb6q4+nnuc6zkunJYpF0rSuZukAAcx06nz3g/UdPKfnf6CvOvABYAomdpZRqKgj0HzjvU8/r+Xm3aHdzSNyLalzm71mK5G/UkLbHyTfmCRlcEHyIiuOv3zW+y30czCwy1ISWGJjqvpU1hz3Q4dIBW27R06GuGeyeHLZAEgAuzDoW0FCdAFBwAooiizD8PZRTFszxVhb7I2kn2Z8ifbvD1+U8h3PDdeAC60zdHM0yOXC3RAAAAAACHPo7pXuZewIqEtz1PxD37zurjvl7658ux1+XtQyPS8vZkzGzK6rZJlXwUUtg28RlLLDNOVm5StaZXpqbtMbMNaCLW4akVLy0lr57RIFNAWdHS09in1ceLS2M7HopAZ6jm2k7Dxb7IKqVjkCEnCEc+EUryYGvbJ1eWaIrTL6DTTY+kua0vL7uH4Sev6vCAaVztLn+ghBjb/Fnao10gCAACplHL9/w3cHO9FynViAIPWPKNTHX3Hiezl8nu+dPn77W+YO7g4He6XnuvJo4tNKBsEU2uatVa1V8YrcnzFtXYXIWa6EFRImyleeJcsli1akmhZvTLtaE987dS9W158vI2MXn66IGPQaWbsza45HX2AWAooQSOGSCg6temqlhbZQE+hDY99Oq8n1ZvFNXlOrAVF7OcFDEfFSieoxdpTh+3841jsRHCAC8P1nmx2HSUozlO84XugAAA7L1b539U4OrY+fPorh+a/afKH2Plzb4kOg5/1eCDneprKc+BXIAAAAAACeCxMXNGjf257lyHQ35o5Jl0zrVbNWls3F28Xn7M9UXDoTfwOlm7wW2oooigCrJNWVryqtmasxM6J985PoPzn6S8/udwe35BTRAO/mFQkqtx0YEvP95E6yoqOf431Tg0N7Xze2n0NYc9OJz7+th0ONozy4D0Dz/wBBGigg6jK5Lx25D2nM857vzOvrYturx9vnfzL0HK+t5lpwvRlh0dTLpgAIAAAAAJYhGjp4Otrlt3cq50cegtWTTOKo+nnrXxr+XzdcAGex0XO6y+k6GW2iqglVR0xLKxL5zrETR7RsWdsc16lnb6HKPmnB259ZT0eZBQRczKNXgN/poee7PbBy/S4PIS9TOS3Zpz7uqIskM9OZThq01VK/2mrLiZexQxbV8MKr06lS2ilj27yHzXg6/b/n7nE2zRrJejCKetYhlZWpl1xAFQAAAAAAW5Smmu/eytLp5bboZdMa9C3UprnZulnc3SwCuhp5mmm0+xDbeZ1GYsgSe+AVtLUJiVtWOJk7TiOnrPTwdUXcqvUicDXsBDOEhFSABJeY6Yh5j0seAempn6AUL4efdpeQAABRAYPOb5GHa8bhMhYgRSVFjmCRUCvPTS2DWhivOgVxFRQRUAAAAnguzXU06Wh1civa+2VKGSKmlLL1c3HpqgZ6mnmaq2miLbZIplKsghYI3DkakkhV8I5SE77tPDNaXr5xXSS0RQASSoEBUWYBSSKMhQ0czSTDBeyoahWwTp18+52HpuZ502HSYUE5AlhJAAgRIfLCxE8DZosxzwgngmMCDRz64CiqogJQAAcLqVtHTK7Zqy7807q6zWhHBBj0LSazLYAixp5motZcqTtM6pJKZBSBs8RHYhihLMhJWOiJoJXDJYXGjt8qw9B0fKyHtNvwm9aPaV8iszHqq+Uk19QzfLiLei0eCji3SU8iSCRvBjx0lEAEBUEFI1HRyCEVz5iFJooKiCzq80SIMvYzYxiR7IqxUIlXI+YWVsk1s3KM+mVt1J1q2n05ZrSp6dHLagipnsABdpSJ6AC27I5kIJokhIDphsDyJmVCQACooRyhDM2MmdDOKiKh0kSkywFoliRYlEeiUFABBUAAQURg6FswyRAVBUT3q1zTCKrfqFRJnU1isLJauLSuVK4145Iq2QErL1YsxK6BCy+mIvOoumNKxn6N85aVurauQ17MOkAAFNqxladtlGi0isfNa01e3EVntesDWplEUFRRRFBUUIpVI5kVAIqUVFkKgKNBRAURBUQFQrErHSAICiAssVq1J5oVvitZI63kfDNFpSRb54NLRzs84YpI63ajm1kBRB7RAADQS7oc+9szastSOemxzctwAABdnFfNt1K9idRjoR8VOGMpLmexG3Fla7QmhimZmt0ENHtWQBI5oSOY+asFakESJciAoJJRoKIBC9SKdEFGgoigqCJpqstqTZcWfXOWFhVd0sW5aOkmwt3WuRk6+PSIGSR0uCNqeRiVQABxb0Ults+3DPpljUrtKuNVAz1AAAAAHsBzQAAc9liYfqZ+1a8EVxJtBKwiVYqRZRBIqAOaIVABUSZciAoACAIgKgAACtSD0iREqxPHrApTpXaEZbtqK1a2THt4M42trndia1cmWtWzGKlJAEgAKiia1PVnR8rZLpXxrfPIq2a9MabXspqEl6L5prSTOKbDDKNONFA0HpzDTiRTswSKWdvBv6RpNY1q6Fza3je2GLWBFAQFEBRAASQqAo0AAAQVAAAAII5FmFAiVBQq2p5pW0aV+2bea6LmKw9YG1q+JCJAEgAAAqaiZbDXX0fLG+1XIjZjMidFTGFE1a6yvC2wqKSjnWpTJW1vAgkS6SGYTM1M2KVXRkZdAudo23FaJcNCJ0jR6IoIEgCIAJkEBRAAAAAAAIChIFIKHUwytvP9OpPnss3Fy6jCsblqcrzXRYs51EngrUAAFBW660ebt4kzc0IJ5s92ZfmLL2TXrHHYgicWJ7KZT6TXT0CKJQUiXTV32rNQvUYPayaLV7NS0ivk60kVxS9RjM3MOeZ2hC2ygAIQVAAEQqIsgBIAAAAAKgAoCgihBUVp0lXb4yhfqD5d93pPoXyP9S+V0ny/q+k5vWM/E6DnrwuRq1VcgCMQLibEs0M7Li71JWBbc81hklVaK1DJZajmgvngXK9rOLBl22tkr0k34M29Wug9i3usCTQhmiIRVdJURyhM1KmlNFc6rtIZepjTQ1BFtYBIlctWxnX0atdXdI5LagCQAAAUAQWAoSAICgGjndnDLx4PUaz5V7v4h9cUeF/Q/g3U528x6zoPAdI7rhOi53Sq1bOfNc8FjGTUinnaSGSObSIjkEE8KXvrWUCosrwx98sSG3HTGlHZr1uktudpka+ZtTIBa8TRarEEsJMBMgPQj1dNY2yxJhxt2GsZd6jFFNdtXTm8coTYjkCtZieOASACgAAChABQFBFATqOXbCx6FiRUmp1TcCHL2qlvSPsP426DIytsc1sY2lUxNXJZpfpbUxHKkbVs0M0oZ4ZghlhIblS4IqTTE0sztOfChswVxowTw5ba6Z+pbahp4mmWGuhmzkekS+GaAnAmBzXoc5paHMGxLQIkY8AAAEgANcAAKACDkI4QBSArVSoAACIqHZcjD29HSc9iXqzN0XGyGjTk4yxUVLRRo26kY6F2tYto6CaGLLNDLKKWKUIZmIZaLk0Zann2wGWodMv/xAAoEQACAgEEAgICAwEBAQAAAAAAAQIREAMgITESMARBIjITQGFCURT/2gAIAQEBAT8AJE0eJGI0NYRQ/wCpQmWWXhCQoiQiQ0UXQ5DZRWHiisNY/wByxrmh8Ye+9qIiQkJ4ZKQ5MssWGPCQ1h9El9kVaHw8LsfZJPHFepYXZEiJYZJknsixDQ1hPCx3wK0yXZKNC7KKbRQ1SNR1Fs0Z+UV6FmLIMXReJD2R7F1hoYux39GmklyJL7kcUSErdkuiC5shV8kXpr7JPTrhmo19GsvwZ8b/AD0JDQ8RkKXGZMexdkXwWak5yn+PQz+RKfizroUi8pEuhcLF4dtnyZqNJnx41A1Neam4xRB+UbEihooSEholhOhSExyJPcnRqanjHgglCPJalyjW/HVjIXrR8yVzSNOfhpWaSWnDzl9kEorgWLxFcCGx5SLG/R8ptRVEtZy01Fmg/CHk/s+WqSkQdxT9dny3eoakklGBKLlqJLokucN4SPKjyZeURGq20VnU01qKmf8AyS+ma0GtLxX0Tl56NnxpeWmvZru9Rsjpy15No04+MUhjZ2JFUPaiJL1JlGropRdHwpWnH2aen/LqM0tNacfGI/xHJ4siN8bUiMShsfqUivJUfG/HVcd17ZOotnw49yLURu8oRJ7EhLFlDXskv49VS3Xt1f0ZpLxjS2JEYjVD2ITzXBL2akVLsi7W2tupLiiHWyKxJ7UIoUcT2oe6ZGXixO1a9EpKKG7dsj1sTHIb3KRDkURsltQ908Rk4sTT63Sn4obbErdCKzfpgIkP2TxTIyaZGSlihk5+PQ7feIKvyZpO437EuSCES9KRWdV0kOCrgfHGE2uiGpxTPOJKd9FFHhfRNNabo0H+C9aIoiJkl6EhsvFGtxETJxvlbFhIohCuWan6tGh+iXsixMskuB7kXwN2JCRR8n9SPSxOF8lYQmi0R55G/wDwfRofrXsjiySJLnfbEtny/wBSH6oSKNWNO1shFt29mi+ZR/0o8RqvTFCw2S3oTLz8r9DS/RF4atEouLxFW6Eq2abrWksvco2eAoFUNjkNjeyiiijxxePmP8UaL/BYWGr7Hpf+EIePO3Ul4a9id8osaFmiMSKSRwOkSZJ84ktiW55+a+kfHd6awt/3j5saakfHnKMqTFJPlFiyhCY5DkSeErHEksLZRRWKNSa01bNST1Z8GlDwgo+hCx8jT/kg0hOUXwaWpz4kGpK1ss8jyHITErFAUBonhbkUSpK2a83qSs+NoeC8pd5+x8i2fQs/K0f+4kZtabZo6z03/hGSkrQ1uREiihmphbEihI+j5etf4I+No+T8n1s+8NZ7ws9qjX0v4066K5Pj6bhHnD3RkRYmNk3hF4Qs6kmoujT0JTl+QlSpYs5ZWLKzRRRSxrKevKo9Gl8WOny+XhH3ui+SOJEu8IaLzZZbxXttF7a3JckFhktvO6/TaPIsorbQt0ELDkN3urC22yxPDbHZRRW6isvKEhFiY1/Qssv1RQ0UJDHiyyzyI8j62L+nZWUhDkIoY90CT2J4svC3Kti9CY5MsiJktyQiXoQkV/TSKExsvYhYeKKKKKKEIe5D9awy9yQsPeh4T/oN0Tk0rYuVaYpNdj521hCQ1hLKJFkR4Qi/cueTVXlSNJ+MvBnkmqF1tYikIfWLLO9lCRQ0Xli9T6G6pGo6ao1FL9yKU1ZHjgefrKxf4jQyuLFuoY0Wxb3tfQ+Vwf8AfI66Zpx8bFisLoWEdlfiMYuqFvf9DopXZ2RWUfYhYiiMRrg//8QAJhEAAgIABgICAwEBAAAAAAAAAAECEQMQEiAhMQQwE0EiMkBRQv/aAAgBAgEBPwAgQZqJSEyOdie1/wADQoiiJZSGzUORREjIsqxREmjUasllZaFnWcSuR5PfW2RIbGyhESMbFBIoaJZIWTyhyaRoQ8o9jQ0UVx7GSRIvJEURXGySGJiZ9GkSE4x7Z8+H/p8kJcpiRJVkhziux+ThLjUhY+FJcSG19GErmkY8NEmvXKJNbIC62PoYiLyRGmedgY2JO0uCWHNtacOhYGLquPCPGUlGpFX2NCVo83AxJJuHZjYPlNpRiiHj+Vq5jweFDEglGRgcTVnldv0NliynAcOShEUyPWz6JLnLCw4KD1dvJYTcNaE6Y2n2aUKCEkhu+ESQkNHxx/weHEUFdmDDXyvo8mVzIePB4alLsxI6XQ2ahSLGxyEyPWTHFWOIoEY7mkzDwtUqGnKROLi+Tx3qwZI0mlFCyQ1b2PLxlUG0YkHPG0mI9ctMfoxn+XI8kiqJMZFCVLNsSFH0eKrk7FhKMrMeOuVI8OXcSXedeijx1+CMONuWIKSjB32YjySybNNmhCS2MjLbZazwcTRKz54vkw5r5LZGHx49LpmMqn7MFfiYk44MVAnK+SfYkdDYmLcyAvSpfWUZvUjyEk0/ZKfxwRiTc3bJFZyIrndKRZFetSFJGN+UE/WuzyHykMb2MitjZJ5JFkX60zCfyYTXrh+yMWbbHm3RKYpC62Ma5Kysh7MCel8D79UTF72TlyWQQtjGWaxEOt17sLsa9KV5YneyUbFASrc48E+ByIkFxtYluwu8ms72JZ4nftxRkEJcezC7LNSOxoZZYjjJmMqn7G6MRjIelsTz8eKlJocuRJ5UOJpOjUajUQdtGOvzfrZKRLkog/Q5CTYlWTZ47bkVTFxmxjY2WamYadox/wB37JoaKIMW59FEUKH2zQh4Z40amPvJMvJkkxp2KAopC4Z5H7eyaKNJBkXxvS5EqzaPH/Yk/wAmNlkc6Q0tmPFumaDQONembySIoh1vTpikjUhPLA/Yn+zNOaeT2zV4aecnwJWNVsckh4g8QbtkVYokYkVS2KDZoPjR8aHFDk0RkI8dfkYi/J7bG9sU5YVIaa7E+RpyI8dlWPsslMnJmplsjEiqWUGLOMfvdKNlNCR467Zi/u/X474aPIUZRv7OYvk1CX2y2STQyVjRGAokY5PghIg8l3vssjFydIw0sOPJiS1Sb9eFPTKySUkY2H9ijp7yb5JO8nFHxmkocqHiDxCLMLKC53SY2JtukYcPjjpMbF1Ol7cHE/5ZKN4iRiYSmSi06JRvcyZJlsiYWUNjZqG7GeNhKP5yMbE+luv04M9Uk2d/RjSUpcZS73TiSiURRhxyh3mx3kiEU3ySxFFcD3Vz6cJwwlqfZi+RKfHSzl3ua4JoZAh1lHvZpRpNJSK/hvNxW5ukTfOSMN5Q791l+qtklT2zYyhRIxrKHfvQvS3Qnec2rFkxskuTSNEXnHv20aSvVJ8kWWOQ3bFm0aRxGiJ9Zp2ti5/jkxkYjy+xbUrJRoitkZUWmWSZGTQm2Oy2LYvXJMfZyOTFKz7FsQlpJshuvJkJcGr385WSXJxRNEELbFLsbOyIhRbNDNDNDNDNDGiN2JFfwzVoV0SK2xjeTKEiCvNvkTvOVVknf8K5GhxscWU84xsmlwLhFp9DIu2JCVLNojm1qY1RF1/DEfKsoZJcZJWxKlRNf4KL+xJIa4I/sRpdikhyQpNsebimdDjbtjgqE64ecm+kJuPsSFXQ7WUusoqlu6kJifAo8WQX3nWVjYhxstoTb7Fkl7W8psitzdDlchCE7VIi/rZeVCXqv0t5S7I9bZTolMi/yP/EAEcQAAECAwQIAggFAQcDAwUAAAEAAgMEERASITEFEyAiMDJBUWFxBhQjQEJSgZEzNGKhsXIkQ1BTgsHRJWOSNeHwFURzk6L/2gAIAQAAAT8CsKcnJ1oQCoqI7QsPClhUu8vfwhZVVVVVVVdgIW0QQtKcnIqiogELCijsDYPBlBuu/wADqq7QQQtogELSiiiFTaKPAPBlxdqERvEduFD5wiKEjsm8w81EFHuHjaDQgqK248jp7wEEELQNgooo7FVVVVdimydiioqWEUfdQHMrv9rp3RFDYwX4Lu7cU4UAPQ7TRn4CqmxSJXumc7fNTTd0u/VsP3pdju2HvIQQQ2jsFEq8i5VVVXiBQ801t40FhU02kRrldrDLlFbvw4g70U0yjr3eyUPtPNGHWGW/ZZZ7Mqy+Yo/7ZUbelw76qCKxWqa/L1/UnCiuezveNkrvMewoihp7wEEEEENspxRO0EEOCFL86lRvnwUUXXkLMhUdFc5lyqgNjuvQyQO9U2DGMF41nLjSiiQT1iEtdiME9pY6hUE0itsmhR9e+zorGap+lQWF0u9tcmlSzauwNKKYhuErXWEguyUxCc2DDc51RkoTImqwFW5lOaWmhUs67E81MU1lRaRQ09wG0EEEENopyeeAENgo7AUN4b5qGxxvfCKqLC3CR0UvjMQv6gnbk5Xo5RGUeIg5hn4rlfUUoU5m6WXxu4twWoEaGRX2g5ao1B8QobREMJ3RwU/DLKVVKKm7Xpboz80CoGHrAvHmoFBh0ZgTiVHYXGDBDqgYlT5Bh6sZMUpC1cIVzIU7LbtW5fwrtBUjFufkpkAPFMqWaHEM6Tga78OuNVpuT9UmgR+G/I+7BAppQQ2inJ/ACCGwUdiW3r48FCGshEjOgcpejnlrsiEIfq880OxANVMTEE9SXDwTpxhybEqnRxT8B/8A5KjHCroLv/2r1VlQ9jHU6i8pqSbFbehYO/laMN1xgv5m4hTbRGBLvw4fXuhWI/xKfDGpLRbo4b4PioUEXo5PfBMl2t3nscQP1UTgG4thOxy9pVdWVhPoDU+K9aZ1Y9CZguzr9QosOG7fhlTLaP8ApZoOGyNpKGyIKtIK05ImDAgshvLmF+609D7uCmlNKBR2SnJ3BahsFFG2Vddi+akjdc9p6Y18E6P/AGmko3WuPQZKFoabi0dOPaz9ITNGQIVwYmpomyUuBhCamQ5V8d8MQ95uaiSkGHDcWsGAqjIwogBugHyUeQdAaXNdVgUeFfcCMHj4lpN9yWbDGFVISvsLzuZ+XgvNRBdeRZLMuNl+5FVJSBmXxMd0HFeqQZeHg0Z9gtRAryVVJfWlmrFUYEuf7tq9Ql4oO6Qo2jY0MEyz736SpxrhFIe265uBCK9HB/1eH4AqejXtOyUKlYcM4+ZWkm3J+M3sae5nYaU0ppROyU5O4LUNgoo25KE8ODYlK3cHDwTpSA/eDKHuEzXNwEzEp4uKrFPNHctZF/z3oVDi7WOvHMoU8T9VfTyirvrukD/ksT3BjanonG84k9VND2vmmNvvawdTRO/Mw2j4QmOpWndB9RQoFvj91heqHYok/wCYt8DdiFRXxWNJ1zv/ACUd957j3UtAMVr39G4LQUQS+kdZEwDWuUJjgyRiPHtY8yHlT8TWz0w8ZOiGm3Tgiwo7AQKaVXZKcjwWobEvAfMx2wYXO5aY0WJKAyJDcXDJyNkNhiOo0VNKqG2/gM+ihvdCd/spObY4XSaGyqvK8ryvIlTDjcus5nYKBCEGGGtUy+++43oosK5BHzVxU3ytK0TDvRi/o1M3piIe2FlVeV5X1fU9G9kXfDkFCY6NEDGZqFDbChhjMgpyVZC0zLsdQMiXXFekcV0FkqYbrpa4kEdMLJWVjTbyyXbed2TtCaQDa6ivkdmioqKltLAgLCnbIQKrsFFFE8JpQNugJcS8o6Zi7pfjU9GqcnGTUCJDMMiC/AP7eKe0tcWuzFmgMNMy/wBf4Wn9HeqRtdBHsn//AMlC7HZU5p8Bw5cVCmo0HqfqmaR+aGfomTDX8oKGwBjeOamYtNxual4Nzedzfwpj8FymvwvqpSH6vKiueZUFt1mOZx2iK4dFNh8zEuw8gpWXbAZQcxzK6KJJ+tQnzLm+1fi3wb0XpBG1krCOFblD/wDPpZ6KQPZxYx6m6FFnIECYZBe6j3ft2qvSWWEDSRc3ARRe+tg4IQtKdtCyqqqolEoniByvLR0sZychwvhzd5LScW/FEqz8NmL/APYLmjH5Wii0hB1cWo5TZol+r0pKu/WB98FpRtZYeDlHlDCcYkviOrFBDI3UscvVf1fsmyrRmU0BvLsxnkbrOYqDBuYuxfZF/Dd5KFD1sZnZu8U7HbjE3breZyhsDG0FjGayNDZTAuFfKz0mYGxGn5nLwGaghuitFtriWjL5nLGJEiCMaueKuK0xF9Y0XKRHn2zHFjvHhBC0op20LKqqqiUTx/RNgECYju8votaSx8Y88R1QpWWdEFxuPzErSWinsgEtpQdrIb9VFZE+Rwcptt+VijwrY+Cx5rSh7hNDh8VRtY9E1oblbFwhO8lKMusr34AG9e62yI/tTEMAvSk+3l29bpJXo/L+saRaTywt8rSsxfnQzHVwcK/qUnApNQYsRo1b6sWmGw/V36obgdhwQhsEolE7I2KqqJ9w9HoX/RWB+USq0jLMlWSwh1u3qV+ikWXJVnc4qa/LRfJTkEw4hd8JJThgpZ2ulobj8bB/CIukg5jiOF4U4mjBWZ+iK9IYl/S0XsyjFoNnqGh4s28bzhf/AOFo+X1lGxH06uxxJWl6QNG3IYyOCnhWTi+SGwdgIKqvK8ryrtBBD3TQuOiZWnyqehQ4ss4RjdYN6vZSz4cSC3UuvNburTczqpYw2c7/ANlBkzMaFmOsRr7zSswtCP1mipc9hRTrbs3EHjXhmK4kiEyvi5NrdF4UKiOcORtfNQ3361aWuHC0QN+KfCyFCOkdLFo/vIhJPgtJQi/Rz4cIGgpgOwWiobXxhEdGLgBeFVpGcE68QZfGE070Topv8rF8kLTtk8IIIIiw+4+jE6wynqznb7DhXstJflad4jB+6mJe9E1sI6uMOvR3mtLxTFi7wo9huuWgvyLj+srS8t6rpCKwch3m+S9F33tGlvyuWlm0jtd3HvGiR7OIfFTj9XKxXdQ0r0WlLkF8w7N+63yTfBRBDOkZuGw1hX60qiSIzYYwbWtB5Ka/LRfLYNoFp4YQQRCKO2KdVuqg7q6rqpsy0XUxmv6dVEixXQC1kQ0OITJ+PEYHCJn4JwMUxz1r91oKbEJzpeLyvNWnsV6Ty1+VbHA3oRofJeiUTGYh/VaWb7Jjux940WKSnm5aT34DYQziuupjYcvA+WHDH2CntLRZkuZLkw4PcZlSApMOA7KE0umYkToN0LSUa5C1Y5nfxZVG0IWFHhhCwpyd7lo2auEQohw+E9kPYxLvwOOHgiHQ3l7BeBzao7mOeaYKR0iXtEpNi/DfuX+wXo+31bTcWAexAU+2/KP7jH3iRFJOEph1dKyzOzSV6Qzd9zZSGdzN9Oq/YKVwc6PTcDc+6B1MteidMT5qNFMWIXuzKrshCx3EAtKcj7nJTLYjdRH+hKbfh4HfHfqnGC80dcJQMCCDQtCh+z0pKx8mndcntvNc3uKe7nJQRSDDHW6FNP1mkI7hk06sfRTR/tLz8oUvLNuh8XeccadBZpCZ1z7rORv7qu0ELHcKiAQGw5H3STnyyjY2LfmVIcQVox4TWtbytaPIKZ/CvDNhvKXiayDDf3Cm23JqKPH3YCpA7p7hDa55yaKqXxhNcc3b33UeVdEiuIcLrs0cB2CnZ7Wi5CwZ1PfgC13ACogNoo+6y8Z8B1WfZS05DjZ7j+xVO60O6sndP92bq0o2kyD3HBvAdUX+DijGP+VE+y17q/gRPsvWGjnbEZ5tTIjH8jweBLi9MQx+pabiXJB7esU6v7rLBEhoq40CnZzX7jMIf88EWHghDgH3eHMxoY3YhovRebMSLFhRX1ecWhaWbuw3/TbeXDlFVq4j/wASJTwamsa3IffZexruZoKuU5SRt6PF6bZ4Yr0mnXHSLYUJ2EH+U7SMcjC6CokV8U1iOLuAAgFSx3BCHAPvElMGVm4UcfAVPUiyJe3EYOHBiTMaGbrmAFetx/0fZCdi9WsK9df8jUycc51Gw6ngykX1fXTByhQyUXF8QudmceAAqIBAKicncEIbQVE5H3j0ZntY10jFOY3K/wAcF7WvbR4qFGlHNxh1c1NgRXZQ3KHJk/iOp5KHDbDFGCnB0tHuSuqBxiZ+SbnwGoBAWFOR4A26IWOR94Y90OIHMJDh2UrMtmmXhg7q3t7pHitgwi93Tp3UeK6NFc9+ZTc9sJqFhKJTjwwggFRUVLCnI+8HNQYjoT7zDQqUmBMw7wwPUe5OIa0udgAp6aMy/wDQMrG7YQQVUSia2V4IC3Qg5AoKipYU5H3Omy7OyBGfAiB8M4qTmWzLMMHDNvuBIAJOACnpsx30afZjK0Nwr04AKqqolV4oTU1BUsKdxDtYKu07O2FEdCeHsNCFJzTZlvaJ1HGJAFSaAKfnDHNxmEL+bRmp+FqIEszrQ14AsrxwmJqbaU73l2ew1xa4FpoQpGcEwLrsIn88R7msaXPNAFOzrpjdbuw/52NFwdbMVPKzFacFHy5+ZpP7+9MTU20p3vLs9kGhBGakZ8PpDjne6O78KNFZBZeiGim5t8yccGdBs6Pg6mVFeZ28V6SNuxZQf9r3kJqahYU5H3l2dtNiSn9XuRqub0PZNIcKtNRtzk2yWw5onZR4r4zr0Q1Ozo6X18bHkbiVS8QB1XpbhOwP/wAfvLQmpqFhTvc6bchIPnC9wwhsFSUdHy5h3btD83VR4DoES6/6HvYdiUmny5wxb1apaYZMMqzP5dmen7tYcDE9XdlnnntaPg6mWFeZ2JUq29Mwh4r0u/PQf6PeAEAmoWlO9xoqWHa9HwDoWJ5uQUeCyOy6/wCh7KZgvgRLr/oe6Oyx7mOvMJB8FL6TwAjt+oX/ANRl+7vsnaTggboc5TM9EjAtG4zsNvR8DXTArytxNkh+bhr0uafW4B6Fnu4QQQQtKdx6IC0nZpZ6OGuiZgdif4QysmILY8O4/wCh7KYgPgRLj+NRUqaBScv6vBp8ZzslTdmYZ8V6Yfjyv9J93CaghsFO4wQsKJ2BseiwrITA/V/shbNQGzEK67PoeyjQnQnljxiOAEELKWaMgXn612TcrYZpFZ/UF6YN/tMu/u0j3hpQ2KopyPFahYTsCGUIfitX4pwIzs9EDWVjj9aGxOSwmYf/AHBkU9pY4tcKEbQQQQtlYBmH/p6lNAa0NbkLTkvTD/7U+fvAQtrYU5O4oQRNgBOSEPustl8PsvRFpEtGPd6pQkbOk5XXM1jPxB+42ggUCqqqlJZ0wa5M7qG1sNt1mWwcl6T72i5R/Wv+3vLdkpyfxqopjK58H0Y/JP8A61H/ADEX+o7WlJbVP1rOR2fgduqvKQlDHN5+EP8AlNAaKNFBtaaGt9HmupW7TZunsfcwhslOTuPDbUoGuXB9Gfyb/wCtTH5iL/WdqI0RGFj8ipmE6BFLHdNuQlvWImPIM0AGijRQDbDNfoSLD7scEIbW+KLGnotW3shY5oOacLpp7iAgNopyPGg9U3DDg+jJ/ssX+pTgpNxfPb0lLa+HeZ+I390dljS5waMypaCIEEMH14GicZWn6iozbkVzexptRunFoqK6g1AbBsKKKPGBpkhF7haxvVaxqBx3GlNc69R2z6NNIkolesT/AGU/+ci2k0FdnSEjrDrII3+re6IoaHPY0PBrEMU5Ny2q40t0QfZxPNaXh6rScwO7r332K40siGrrGNvFRG0yy4ACDVdV1UVLSiVVVRRKJR4lD2VD2VD2V13ZCEShDa3NXmjqnFruqF3MkVQNbdA/+njz/wBlpH84+1wvMc3uKKC69BYfDZnJNkzjyxO6jykaDztw7iyDBfGfdhiql4QgQWsHTah4xYp8aW6IOMRv1XpMyk1DfTBzbAa2DwR87WcoojTqi0EbTQmhAKioqWlOKJtKKPAbD7q41UHbbo/5kYdeqc26cbGnyQc2mYQs0CCNGMr3K0p+a/0jYl+Vzflcdsw4ZzhsP+lNAaKNAA8NuW/BB+bet0SfbPHcLT8B0aXhXBU3qKIx0NxDwQURVP3d0HzQeLqYy/iVqvFaruUHVwagKWHEm2iAQCCGwUSiU47BRR22Np58PyzT71d5B3gFrR0ag+vwiyuNFo1tzR8uDndr98VpT81/p2IeEaKO9DZUXqdeE83WE9lKuLoALlHNID6Z5IC6AO1sk+5NMPQ4KdhmJKxGt56Vb5hTECDpKUa44Xm1a/qFOy0WTddjDyPzI54ppaGUJXLydeivilUSXlMbdCJAzsfvYjIIWhBCyqqqolEonZKIRG1CGFeL0wRaXcxTWY4tCwasT4BS8HXRWw2/EaIC6A0dMFpYe1YfDYOE03xbZNblyL8px8uFPPpCujMqG25Da3sFHO/BZ3dXYyxChPvw2P7iql2aqNEhfAd9v1zWm/ZMiR5ujvgl4YOX6lEl4zILY0SG4Q35O72B9PNYxHJu7h+6xHj4K5XmzThQ3W591dAZdsqgggqqqqiVVE2HYARCIRCOyMNkivUq74lUPzFUPzLe+b9lvd19a2VsrU7v3QFMcz3s9G4OsmnRDlD/AJs0t+JDHhsRsDDd+qlj2CIxzHZEUUm8mHcdzs3TwXnXTTB0r+wsfvTzP0trs6LfelrvymyLo2FHnTMTPtackM5BaTkdJTrNbEAF07ku09E6G5sRzHCjmZprbxQFBQWvddGGahDr1KOAJtqg5XleV5Fyqq20VFdQag1EIhEJ2xDG9wfLYojh5q6TzfZUs0ZI65pjx92XZ+60fA9Xl+QMc43iB08FMRhAh3jn0Ce90R5c81J2J/8AKPpnmvKyOTBnLwycKoG8ARkduZfdheJwUk2sZzvlFLIJvTsU/TZloxgRLwy6hNcHtDm4g2ScOL6xHmZjce/chN+Vq0rLQ5eaZKwCYkX43d3FTkjEkX6t+Pj32HCsQ1yCv44IvJbTaqq7IQCDUGq6g1FFOTtiD14B/wDgXnbXp1spbo2RM3GFfwxzKG1sWKIcMf2aBn4u7J7gxpc80AUzHMeJeOXwjZnPwCpR1+WYewpZOML4JpzN3gpWNdw+A/ttzTr0SnQYKQHsS753VWWK0fz+dTtaOmNW7VvO4cvCyYh3nwYpdRsAl5b82C9HYPrmkY07GFbpqP6lNS7JqFcifQ9lPyj5SMWuGHQ97XireKEEEAgFRUsKcn7ELl2zsVvcuXdNFNiBBdHitYwYlMgOgy7YEucfiidvFQmNhQwxmDQp+Z1zrjPw2/vtTf4X1Ugd2I3s62LD1UZzPhO8FAj3d13LsxX6uGXfZPNGOKgNuQIbewUy67LxT+kqSwit8tvR0xrG6t53xl4qaNJOYPaG7+F6OQ2s0PCLRi+pP3smYDJmEYcUYd+yn5V8nMmFEyzae4tiCrMOIEEEENgpyfsM5Rwub+lDZ0NK6qFrSKPeP2QC0jM0rBZ/qO3MvvxKDIKQ/Fi9sLZ2Ffh3m8zMUMRXooMUwz3amOD21bbNvq66Oiu33sZ8xsnPysTyUA0jMO20lrg5uBCdG9Y0ZMkc2qcCPGi0Ef8Ao0t5H+VEm4EPnjQx9U2dgvdRt53k0r0iiQvUw11DGzhppqKhHNDJRRv8OqamoIWlFOT9gZcGips6Jk/WIt549m3NAKdmNQyjfxHZeG3MxLjaDmKcboqpWFqoWPMcTsTULUuvj8M5+FkJ5huqExwc0OGSmX3IXmobXxPwm1HfooEDU1fEdV37BNe13K5p+qIqMclqHwowDReZXA9tmJFZD5inTzAVBiGI2t0hQ3RGuO/cY7B1Oy0Xo+HDkYYjNvuxzdhSqYxkPkYxvkFMR2wYTokQ0YFPzTpmO6K/LoOyFW4nrmutkfMcQJpQKFpRTin7DOUcaTgmamWQm9evZQITYEIQ2ZD91HitgQ7zvoO6iPMR5e/M7UaKIY7u7J8Te3sXFMZFLmuDMsUY8w3mA+oTJsf3rbvjmmkOFWmotiSm8TCddHZMlN4GI+vgLHsa/mFaKLFbCG99gor3Rjv4N+VXW/KEBG/u3RB+6bEmhmAf9K1k18g+yZ6wRvmGFdiH+8p5BPl7/NFiJslCGdXeaZDZD5GAWQmGJEDG5lQmCDDDAa0U7pSBL5e0f4ZKcnI02+sU4DJo6WZhN7dRZH6cVpTULSiU4p2xDrdwx8EDXbvdsVveCofmtiOoMM1oF7YM1V+DbpXrcv8A5n7KajGPEqeXoNmLHhw+ZwTo0SJhBhup3ITZV7j7V9PJQ4TIfI0DxtmIFRehjHshVvKS0+ChzX+YPqEyKx/K7HYjP1cMuXWpzTWlxoM1BgiH4u4UOdgSUMmusjHtkFN6SjzOBN1vYWnE0+9jsN6yP04rU1C0pycjsQsQUf1fcKtPEdwhiMNiqqqqq+P6JxoEenmpJofnWoGFE6XfXdjn6rVTXSK1amY6xx9l6tF+KZd9EJYfFFiu/wBScxrm0cKjxTWtZyNa3yG3Mwfjb9bJV4rdIAd0OxHZrIdBmtU+tLpUKGIbfHqeDEmWNG7vfwosd0TPJE9yga8v3sJogKDHO1vbsnNvOUVtKU4jU1C0opyOxB62U6twXX5XKtObbrv/AERO94BO6eakolyNjllx40uQasxHZY+KgOLoe9nw3ENFXGg8VFmg3lH3UWM6JmcEX45krePgqDrj5rNDJDHH7bETpTOxwq08RgTdkpydsQetuaxHiEO7Cr3fDZOGKCfylVUtNU3YmQyKBBFQajjuwjt8RiLHi8xw7iigOvQWHw2XTEJvxVPhiok2Byj7lRJqKTg6jU6JU5lxW8fBXe+OyccPvbX5cUB9UPFNwN2x4o48IJqG0U7YgnA7JFcciq9HKlMtg5gfW1vLQqt3/lQ4rmGoKhzvzCvlgmR4bsnY9jxCboJOQUAbt93O/G3lmPB4/dRIjIYrEcGjxRnGfACfPBPm3nLBPi153V81erkCVveAV0dcdsntmhgFXsKqlebYd37WRsweEAhs1RKJR2IXKaoD5Sr1OYLPK3p4LEZYhVrkFU/8ixvfZpTI0XmgaZJkVzcifomTrxnj9EJ4fEw/RCcgGlXXf6gmxGO5XtP12aIkDMgJ0aCatvg1wwQmYYF0VwwTpwU3W4+KM5GrmwDyRjxSal5TiXHL7re7q6PEoUGXCFp2Rgbqi8vCG2SidmD1RAWI8VgeXAqpGex8SdlXsjgDTrwAa24+BVT8qq2tTn4haz9VPJNiuAwP7rXP7/uhFd3P3RiOIof5V0BE2XQro7Cyqx4JNNnyVNlw6jMKJyjh1VVW0p21C5rSKrEeK/UxA1TjQICgRyKHw8AjqM1XvgeFVXlXwWK+qpwq/KgKeew0Wm2iCfnTpwqqqqq2Cx2000cNkj7o9+qzobHcqGJrwqEZfZV74e6k0CxdngF5bLULDsvzxR4oTBWxyO0w1bs0qh0sIr5cW78uCFevuRNPNU6nPaCFhR2KYqJzHjQ2902wo57UI402h8FjcR7/AFrl90BTbFptFsXmR4jG9SghYUdtpqNg5FD4R4KI7oEDTJB9VUJ3cHFXhZfCaS7y92r2xVK83AFhdTNOi9kXHuqnug8psTuga2RkdiiwVdmGOtgQRR4ANMkHA2lw6ov2AKlNbROHVXWuyWrCH+Axc9gIJpobI3RHhAVNoQRR4VTtw+a0jqEMf8Ci52NaAqJ7KYhCxvKFGOKPCa2nnslHjhBDMbFOyB97Aoi0Hog2mSx6Le8FU9lEx6GxmLRZS2tIdUSjwYYx2zxwhY3EbBFfNV75/wCAvZ1Cg5WnOyvDaKDbKNgBOS1auBXR2VwdlcC1YWr8VcRaFcCMNEEZoKqhnpsnFVpn9/8AAWNoT2sPFa2nAKKAqUBTLZIt6lfEPuuoteKZWA4qu1SnL9kDX3uXl4sw4iCwupmegQl5dhpGmb7vlgi8r0h/lTDvG8Ag2SflFiwj+ttQo0rEhM1m6+F/mMNRY7lPBzQZQY2Qx12zsMbQbIsKyTckMyV8drzXC2Gem3nn71LyzNV6xNEtl8mgZxD4KZmnxm3GgQoAyhMy/wDdejUrvOmnDBu6xaXlPVJwhv4T95tkvHiS770F1O46HzUZkONBMxLNuXfxIXy+I8LLhRaRttFEcrGciyQegQdh1rBXHaFnin5eaOAQyQ53WROXZaaj3+RgNjRHGKS2BDF6IfDspuYMzFvEXWjBjBk0drNEPZA0NBfENGk4n6rS0p63KOaB7Vm823RzYutdGg3fZNLnA/EOoU3CbDiAwvwXi+zytiCh2WNpmm5J3KbA6gWLkGKh8EK9lXwKBHdPszQwHAK+JO7WA4mw44KgCiNtYbp9/mv7PJQZf4onton+wt0g256NS7e91aCnPWZS68+2hYHy7rT8pqJrWsFGRf2cpSRE7oysGnrDHnD5gpFphaShw44cwuOrcOuOC5tHUNL0GJT6H/3ti8uwwZE2fFYWY4IMCyGwEFEAoLIY67LnUTHVdYLG9+6+LysAqxXCmilkTlQYStX4pzaZpjqbbn9rGOrgc/dJaHrpmDC6PeAVpGLrp6YidC7DyRY4NDi0gHKvVHJekA1Wj5KETlgfstCQpr1xkWBCcYeTq4AhTss2blnwT15T4qX1kOVm2V1cSCWv8QclL6UZHMNmkmB10i7GGYTnNdE0pShaauB/1WxeW1oqU7Lysd0Ow/IrrsNUTIKlUXUwCvlB4ReEXmyFa7JZBN5fNO5TsnMbDhQpr6Z5bLzewCuFXCsk01Huehf/AFWW8z/CYbpDgAaZVWmT6xKyU38T2XHeYTW6x7WDNxotIxpOA9r5u6XjlFKlT+m40cXIFYTO/Vejc3ea6VecRiz/AIWnYWoe6bYwOEVurfXv3sl6CWmyfkDR9TbF6C2lGp2RXROyOw7/AGQ+HYan5DaumxmDbTzBPyp3sdlwXCoWWaBIyQid1fCreyQAGVpFc0wXa+56Kfq9Jyzj89PvgnsMOI9js2mhUt7bQkzC+KC7WjyWjmX9ISw/WCvSJ9/Sr/0gNshRHQYrIkPnaahMiQJ6QvupqYjd7wTwGucGuvNBoD3TvZ6OaP8AOfey6C04myGOqdymxvKLGctvVqGTfPYaonSyiPnZDHVPwamirhsDmK+LysOY4Tm3kQRY1lc9p2WCGI9yxzGfRaSF6M2YbyzDb/16qRm/VNb7MRNY27vZLQYMbTMNxzFXFRmxJyYmJhgOqvE3zkBZEhuhhl7423gnuc/R0MGtIb6U6YqBCMeM2E00vdew7qbitix/ZYQmi5D8rHV6LyQxNhyTeUJv+9gzNruiOR87QEAogwFhRsZyhP5SoWdpwCaMEOtnx8SnvcmRMQjJxCASb0Fx6O7fVPaWOc14LXNwIWiYsDR8N8eYdWK8UbDbiaKamI+kGvuMuS8AXtW3JoTpfXyrI0O62jCCPmIz/ZGCGCEx9240xJcud36FRY8Mt1bGuiRIjGNw+YYYKLSThOl2kGO7CKR8I+X/AJtfhgLIXW1nIEM3WfFa/lRHMgMEGoBAKJkLCjZeIFFmEN0ptTnYegRyQysbzO/wcoRoU40NnHXIwwbH7/1KPJxpcXnsrD6RG4tP1UnHMrBfFYGuJcBdJzHko0aFcdDgNdq71WF3w1zWqmZn20dxDP8ANimgWsbLQr0nUnl9YOH/AI7ETmsZlazlXxGz47XcpTeYeITBuoBUQUTIL//EACMQAQACAgIDAQEBAQEBAAAAAAEAERAhIDEwQEFRYXFQgZH/2gAIAQAAAQohI8YSBBkMCMckEqDxWv3jBQcGHAwwuDJUqECCHCEGBgCVgcHFQQMJB4pPEF3yC+vFeawQZcYYWXyOkCBDAEOGcgIQYsWbYJKgQIRj4XyUpU5VaOaN8ZziTGmUh5BwS4svxkEDAEGXwAzcYZclQOBjwBDCylS8UoVGlRLAxSeadhGlwWEp4Y1flGXL8JxYIGBl4MYkdYXBcwYQlRMLFi8Atx4CQ6wrokUiUBxQyHNRVclYnUeGS1uCasUgGZepWK8LBhwx4mvktxZVGMY4MBYmzcTBSYXzKxlRqhMgOWKbGVp4mzRlJmYjXh2i3XX1sO0s27XqiOPhKhHDgvGZhgwTBgSRJNzvooK1EwnjMA3b7MholTh+kvl0mBYgzQlqJ0BANgvmAW4Y3oBMuBizDweuCxxReDtHmxggjgZUYtgEJc6AUTAqZCwgTA8beoZlIaBBZqtsTZRjup/cwFDeCkSnRHDLne9785lji+NEtHBxXlqROQoYLYAkE4EDAcWNqIMjernDKQbnKprBd6j0CaJsud5JQYd3MnxKeJcZUw0IIPMQJUTgHgLoIYY+YZh5IVCQvwmTIiCFqEnVvIHtl0qEzZjYsUyWlVWjzBK2O0kbFu2MNbSi7dCNyzvlVIQamN0T/lWFcggQSoONVnHUg4YykEMfDcMnphse2L9rF008Q0x/IT/qXl/2Ly0HVK2JuhgtUxU1CB/sH+y06bYzMPEB7KwGlaxEVRhK04CBgwyxUqEBBgqCDi8XQgwcKOLA+AaylxdSsnN3yDhoHUYxe4aogbia7VvN542jTDc9sMHPk7aGjlHY0bVCKoIY1JjEBrDAhEiRJWCCCBHI8CKXohBDwlL4hrEQSLKOtu4icQklh8wYqDfuWrQSgZYLQnjCzijg68zCYrHZcUVqEGkWhQIxMT6IhCEWLFiy4YYZKKPAw/IQQ5st+UZcoQPXUkSqMNK4h+y4IPB5HSLDJWZcPwbyhiymdmDaZXyA0YjSgYiGFixYuUgy/DMCBLwcFb8+ioOE9NjBklbpswoZQfl2AGvGqMGiVXClfBIYOrQQMqLFgcAwyw28AIxYvoMQsRGtda1A9Z+GMqq8ZMm0Kjp1niiQfSNtn5FQvoFwEIxRcBAxeC/KBnb0jY6OUcaWt6UojKD9kZiSo4pKWs4Pkv4IxYsBgqMXj7cKM7eBV8r+U/6loripmFxfafIqEvIsgurewmyFRQiWQyhORBQAhcYWDASsO3jG4IZu3j3+y3mh9xHEKRxHrKTpMOvXQjASl5WgVoKKLEf7C4uHFPfiC8QYcU7+lWoZmWL2S4/SpNgzKTT63ZFm2GSHyo0d91vaPEYKXH4ahklRi4dvTYDbCzgUFiAX10aJwk9kSaUXKXF7yMCLO3gEMAMMZePb1bbygFKVQFJvFS9oAGpH6lpRZgffgLjShJVKR2ZkxvmEEIo78UdYuLFhEh9U1Hfcr2KGtcOegncuR/CuJ3Kc3PTixawPJq4EnTwE64EuLLlwJUMe/YAb0+D5GcX+8lIT7xDeG0JWW8FkM0eQqaMnEcVBgJ39mz/zwVqM4ABaw8NxfeHQylcQFzRF4iEISoEIEcO/swRqP6m+iXhgxvgV31NHcXmMWQSQSZO/iCVK8hqBrqa+koEI0M7+D1ijjp0jR3HwrO2H6T8iIwQg4Pt4SGF5AvyadzXPgFsPoI3H7IRjnmsmzAinyvceBhDne/CQijwCWOiLeXdwIXxvlRC3he8bACD4ECywinz9oo8nF+IlxfL28GSaj+MWneb3kKbKFROGiLfonfBEWOP2e3iyBEASnwvhlSvC7RRPB79UWw8NRR79Mjx7ZTKxrL0aBJeP+QR1sJTgFsiBQ0pcuX6oXgHEKPfohCE5KJKDb84mDgm35ZHjbSNq1KlSokrEV2xW3rEDJDEl+nkEJyBNZzoSt8pVHxJQqUGOoa8g1KlSpUSaVxpMnre8TBkGX6KWwBHAuQhHWI+iMTjGI8TJCECVKwGAQgxvadS/XUUUUGDLxOo+UQYVcgGWldMrq+I6uEMglYVNZxf3FzYZtewODBg4GGdvOLwgvqJ7qK3wdCi4C6cK5R40kF1BpsceEdl7HeODBwuGGDfl1YsS3HYM7wDoEIRLNwEuUfHiDQ3JZAlm2ILDh2QWHsHeBi5cEEHmIUo3IAUHAhn8UNAZrHUGhjyKQUFXiScHqBBfMm+vUbtDDLgII9+buoY5DDL0vNnZ4E9YjJOVP4juBRADoJ0Ie16BvFqlYYsc3fzIoTVc8Bia5m5eacIKaeIO+E3AijLHKteQFy8vDL6wsUWKOOd/MjvALG7f69qbUMdNKYI7jhrhcbKZFBzV3whuIPTB12Q0mEpp8LGAkmox4HEs128X/wBL/H+j++/7Lu/dM3kfkAVUhjXkpj0wbIK4fF38bQ0zawgjwoclmrGFr5A6Sze5RLhgNjACpENRW6n+8AvmgKjHxBxRc/sRLmr5AuhxbTTBXYQblKMF3Gpl0N8s6dzsuQxW+fc/W2bpzRm2blEOjTBa1KF8R8VDcbVcIahqO0YCGZDJws1s8kBWggnfiJuoouYQyYHwwJRJY8l1PAYbUv4/2Wjsgxc30xN8GKeO94GATSELJR4NWNXurjshBAgcBcYYeFZ4HwRTZxPAqaIPOiCpXr940eEBVw24wrH4mkU3DUR7zarJVk1RKm83YazAkPcTsZTZTYiICDCFFFDA4rgLxX8KjwC2oKUeEDh1+FfmCdxr6yny58ENWWCKw+EXlaI3mO2aPjtMosYgS7xDsaghSEvTAqayCNmPIGAQQ4Diu+CcrFDhd4O61De4MVgilrC6aMxhoYP5sEyqSLEHAQUPmu6CFEO4BPE/BC4d7ihuXsLSbH2EAcdy0tLl4IOABgCGDjHbwbO5V1lQYB+wp1KlTYAHnLqXNicpK0jRc7cY7dFRdubhlyDTh6cf3i+HzDDkSSHHrxHnswKNZFpAiiVKlRo02R2mxOTAmbXUoIjbqIlicIrIxBRsoTkyk4yvedAIMfZaU9Pzj14hXgqlRLoQUahDAW0QDTV1Nwz5x7m9Z2TKCUQQleZbLNek1mM2OBzRUIUgRfFqgIvIQZA4dE6JV4xCwcUGXFxHzHVzqBNiFAAyS8TtiuPvqrzaFXGMzNIxUGf5WHAxfUwnbeEh4EDFYHvNToGiBGUlTcfLbTGRsQemBs8jzSgy4osC4K+WQgQJUeLHyuZJZyp0uaomlCHppSBH8mkLECFFEAA7+8cN0BbwW1zqIkD8mnjNnQu8usWER50dNcT2x28kxKKDLizCvh2ZPpxITtRS0fpH/rEQlS6fkW5qwHeMz2gB6ivASFy5GAIIVxAO1Imc22lX63L50TTi2946mf5NoMdvL7ZCEWTtwIDZ+wMWxFiMmAwLG2mlZtHFsyoaiviF8QTt8F1nim4IqNB51aPB8jvXvj9JfEhKl5h/s0tzrmCV5BhyOC7cO8kasNMfIz/ON4LIVWhbM615mJyg0kF0+Oloem7+BEL/AAC3C9DBtvwSKi9alUPKCHWCOAg4d8kBTNNQDAUaPFBYNAM2lQparF5MXmbTcOLxJdG4hVel09a2ML+BR7prrHfcCpvrHDfUbLWWtY3MKJ4hbDgS4MuLHxAbjgapO8CC953g+rO4JBMuLndAaYD4ygnywtDAw34O1iq46iDaP6DRRyY1Fapd7r9k+UZ6gg2WQ+EBiMJcuDwEr4UaBouNoBBayg0SB9X2jusERLGbXiQ+jkjrSIsDgW5cIiLOP1SpT+ZTiFgGSRKPayNQr4ml2P2YHQPCKtc6dzvhuR1SsPCpUDEly5cGLgseK0IpuX3QN6nwYNlmGXca4aGiuA3hU6gCxwl/XWKu11WH5NQVU7jgoSGyEvdr38f3sHqTruU+Xf4lfr4A7QvtyQGorHXBGobsSox4EIQYZFwYOZVTIdpb7mnZKGpsJqIpW1fBtib1xtPYEGXLiP2U/Z/p/wCKfsU/PEt1Hc4fZgaiQypUIE1gxjwJcvAxkDgkMeNg42NkC9IIMHfNzw0EpJ9KBurc6PzyhYuBoK5hyqGCmIx43LzcGPcZxh1O3Kg4o0Z1EqdV8n+zTs/iPRNUQ2t5HAYooQhNguMxj43dxQKIvPEoXBcHc6wtdxbcjun3LayHTkG8CLFLyMDE8q/ZrhXk2OduQ064+qSd5WQWRdp/QRdAf7LP0R+xHXIzXlq6M+68IgGGekX9f3Hg/EIWOBswcVP6ZpP4427T7mUce+bO+DSm0Z6g50BAOpspKlwW9oAo5jwvxIPc6l+AYMesXi9dwjLlvOgIFFECDykDpbf3jUFGVKiDFUsw87l+nfHqYFoXNLKJsMEXFctEij4Psq3AhCHppq0qVNxV3FhH2h/SVsFB/h/mD6yqEDcVyE21OpcCSlyrF4bLQhDLg+iKlyzsEPj/AIAgVPtJWFtLi6C4sfDVmDg8B3SA+sPzf4rYf7/0YV/Uf6/2/BnQooaTvi4suXCHctM69833GxtBjLi+IgLCEODkSogCsiBgcHZHcHqw7KZbuLiloWLOVoCq9y7rXgpa/HmXcfRF8AKohI4XNsGCVkxjxIyEYOs3mG0ZPR4uh0Q17U8KlWlqL4XYCqWxI3wy05mZop8nVFpbF+4wxUFRjL1uSlz5G0K5hozuY7eH2yb7/gKZR5BmzUN4AtFzGN6caVx88AjVw+8q7YoUwj3B+4K+OpUZVqIKA5n8n4jszYI+wt2KusCaIAWcFGzXuujc1PC0MAGUEtbNe3EO3Ih24bYGdPF3QTuLRPuVNpYKjNHEHeLiX3HRg28VwwvqCaMfLEf5JLqPL/YzqLe7aPqFuXt0l6PbFgWFMSbWQxCrMs6C5rcxoweCvM7yRZRDEaow3A/Y7rA7cfJq6moFosdQNAcBeRBKZpmdSBEs4KsejDaUb6ieYOk1jRtlMMWrNiK8zLeALaI16huQ2IbKDZefon056xyKdYNGdgm2DcEeFSo410RVQ7AVpNPcsK4dAIVB9MSmJOjVIXBOGGjli8StZLLtcfdPmnZHcDufDLxkdwaEqP8AUBGv2DViO2VDhusdnnzDHACO7n+RNoCijja8Kh9KxthCJvyL5mAwY6K3JymCMXFQ1cGghqiC0RbZ1TjdTge7HfJ4LuRuXblWMoJN7Y74jLwAdBzP56pVHcOmrTA730mWiX2KuIduQ33nsliZYHgcJPBKhjToiK8N2CpMNEx2OJi4+kSpUrxbFPBO0mADh7CWgJCus9GDW+eiGJ6ZFw2hoYCBif/EACsQAAEDAgUDBAMBAQEAAAAAAAEAESExURAgQWFxMIGRQFChscHR4fDxYP/aAAgBAAALPyH10H/5CenH/hYb6VWM55LeU5MqFGKFqHHvtWTkj6X/ACoODjEzGZ0GF1IJz+GR5veSwORiZVE0qarnBgUFARXLVHZinABKrqAUh1owYpwW94mFBsJICgWYU3lGIAE8eoQhHGSnCq2F2WSE6qAzWKYqyYngKg2VAQKLNFI1xj3UvdkSQRZK/snFQCxbqDoPg6qlq2QNIKr+UwMG+EmxaiBJtauUEVAGZAFRLlaDZDQUdgjnYCXQpqm30j7q5RwnLSnrhBwImEQ4Y4RKui5RrkP2hvH0VyoCftTb7mycdQHffGRCIFItK0FbyUCEmpUJQcB0NiosJBiE1GD4HZHqksJ/dGBkHsK5DNoCtQ00dVReFygEHIf1EFQIPwyGlzIwh+QLBCbaUQVBw+8QFc9YUgHvdkV00PIXhMLOCh8+KEs+Ex2tlCc1/dHEhFyK1gVsAId6ooUQsSuRrziYSbsgKAECTqDpxI3gCD6ERyhwS34AbFAckXPM4R3ctRcZhjHhEyQ1D+3kkPQblOPm+Lpg2DlOQHVAUdNnpv2tzcogvJTJFVkzHKYW5mQ8k3TtbJvymM5r8q2YQwGHLmhN0GSgRBB9sCQh3NS0IWT7HCSPM085AUyH1CG4qiLKN0fK+OE+CQtiQHTsZRVUZtl08z6Mj3FACXsiVo1tN0YGxJxAxEDX4HUJ+Xtby7YEAgF0F8GhJRoHbD/U+UQ0QbFat+FYXdDwGQGU/EvoxPIq5z0htutzfA85dRCyBIG4FUSLADUpuuLp5Tfrm3Gi7ZNfa2cGdgdEoV3omTRuVUDnAwfwBdPB2nFN4TmCc1OpyH6ElA2GMEk+EBVNEclHzGiJHDR6IxveoPwUHvnJ9rkngwiBkWmgJl/dEI3A71b5VExh7oCMR1GKbpsDfBgHYJ8A2oCOsZKSyAAXaMX/AGqD8+1gLIDYgpahrphnOhb9i0jB/hpj8nTZBiBWqAXCO5MAqgGR2PSZgwa0j0AXO14TtGA6c9YbBV+1gw6RJMY4aoUYLBqmiBcOyrfAQJ3ynHlU/HqGIhQXLQnOyKfRFIAg9T8ugCEAAdCr9rYW4IgASXESEGvAKFtwqg9PgK8hrQQqJPqJCE0HjVV00AixSCgBQgb9iZnb2wDMuqyDjespQqvcK4GHVamSX/aLnhQgSEQAfUUf5RYtjR06expwgeAgUASghzkrFh7aQYKWnpcoV6obAuUa4yY3koj07AfCYEeyUwQftRhIbeierff28EDUOUTVgV2iIg9q/DqEqs+Z9M5AJ2fYKU3vL8oMtNQEEO5hgu4e4m1OhX+BkQRO4RLndqfDKP46XAIq2ychDsehQU2DbUfDphCHUlBPunYZQDyHuoJLOXLILbfK5kcp3aVsJfPUzshVYw+qvAItz7s4SRcahSoajo6Bw+QXYlG0B6PeJ0+UTkjv7yXH2a9F9C+YLuGQWkUF9T0XQR2e9EuCTLRvSGouWTr8egf2sNtUHt+iCck6IRj+euSm6IRQ9WM4Co0IXbHoAnJOiBoX3OLoHTJTezHpUxCF/kdaQSUDGTZTOXRJ90lAjRD0+/UlElWdeWQydzonzoPu4ChCFOhy6QaDU8IRhyjsFgqT/wCA7oh6EZ2IH8rS2y+Q2TkAAoZ8+8vjHwExqT4AzFMmquKoy0dHgiVScwQBxPiV/wB+863YYbFU+DMHqhP+4wlZmRa1DznOEGT9JyB2PvNL3xN5CfQ6Edcklgqh/jDSnEPf3mWZACb5DrXzTiwJ8pznY+5lBeMkD9ZR/wAJFMR1AKBEBkoHuJR2CGUKj4CgtlIZ6YGtyAZYJ1n3ABZDo4+7M5DogEDAAzE+9mjIfa2HTf1zEbFPQbjOKpQgBncBzUJhgnEYcrb2h0CPnowP0tedmBZZPlJGCcSVz0CCBObxjM/tD5HuUHontkDhHDFUfWLDK7/kQCCDkMHLM7PiwEhMw+WRxgwwbX2gEeUOE9QUedFGuhxn8Slj8YzI5F+cvinld8MC+kdRuczAB7DHRAE53EYPZRXZShixCnRPp60dB0OETi24XYMjg5+It+MpD+XzlcgrQNmYKZ8jj/VDj5H8QquE+hRdAQIBwCZDdc4V9U5R6gSvGB74OYTnRv8A0TMyS+Fvxg4OB0oIkkpwZyYTABiCP7oB3Q4+kQAQkSw6cE+uBUDZcJ9VKdUH9VNOqSmsE25lCzBWtUGPMphAdlOSxx4wpc3TYgvxpyAiQg0gIdvQ7FP0Rvbo2YMMBLUrmy/JFohQnB9UlMMox7jB4wAZNxg2450/ODg8kOcH/DCUX0nROGT+WV2uyjVNNA/emApFyKIF6NVNrgyhPVAKB6mJ6J3KJxJRLQJrE2Dgk6nYLcmU7AvlFVWQAwdi6Yzh5QiqOcok3ysIh2yk4vBBuCmRzwuxTuaqEG7RbNN2TWQNBt7G4xJaILnEEchZArCKD/CvKlEpsWBlYkBO57RjlUI2fOT8FEpx8mZ+V+ARuwgK9cY8L5SQOdANvXSemNSb5CVoFNygcErdysh/8TunPK+ZyCqecfgTojdZEXyP9k4BKhThWnOzI6FK+SDruXD6wJU1cE4W+M/qqP0mVN0BkdQz6Xd8H0PrPRUPLExBcahEkWoRGJFmpTh8CuEqz5y3BXETq/sR2IuiN8PLIhkqLnhN9Kiopn1NOkAMtXcdAnKY/oiTUnN9ChfP2yW2v9KdVuE5AwBV7CMM9ArghKCDqpWWPYInlDo+qAYFydSA4Eh0BalFxwgZ32QCBaNAENIaHGnqadYPmwKq7qV0TS4RrbZtAFohJQBsBDuuChP0QVwYMUWXhwChFRQUAEJOAVsKT2QaCY7p9gi8Pld8LzR2AnAngsuRcRg54Qayt5A7lbUCQmPrQe1s5IfK7BHDdZQEawF5IBFoZXsDKBWyDUTJ7ryHziAqGuAKDZkeg5ROpKJK6dOkHQuw6Ltj+qKYfgMIg8erBuFFK2EEdBkOycuJQIcTESuxNdDhOxlyYrcl2GfZhYK5A50DfREu50TGv7LZQBd01yKO10Sk42HZRBTU9UXwV8RQ3FERmhPy4AY7euXuCB4QCOeneJkTeARsoPCMd1zlFdGTJhH7ZP0UpzT1ZCt6oXGiL4ywnqVEpjE67IxVT/UTUHry7DUODlR4F75AhaKO/wChbQV2q5yVzQyMP8GJX0RXRf6USOPUictwIE66FNZcYtUpwOibSxAnUR/1eQgWweow54VRsNBjJI2arcJusH7Q2ARbnTKaL5lckBtmcm1K5UR2FEBYYukyp9OZTbyhvojibFYsi1yzKEsp+sYw2GmI5MuaUqbp1wLi7NyKacJIkIEMflci2nIkOzQibkhwFyKHHSc1yDJcKvqAbhB8rYRFwiMWFU8kxwoxcYm4xB2wdpW5HgR3chwSPJJju/ae6JwPdeMD0uENsWQ3zfYiD6eRi9wguKp/tbhE6BPqVROA/QH26wOpzojdkfoah6wXXQH5V8LJqDjolEXIt/TWNSgB1XM9dujvmkkYXdQ4DuPRGxH6daNOu3SnNJJyuPWMk1PqBl26j5KKE3XCBwahg6F3piXA6YxPoNusDkGV7o3CHpyOpTNv1Z9U+ov7IETg2SPZj/ae3q/OTyuxQI2z06bD1ouQ+3sO4yVwYepHQHQ2RHuAT6OyhL4EJjhCnM3ggbH1dakDc6KTRu9PCslEekB3Er+6bd8KdF0T1X6MyqsoGbbPz6pzwM2bqyHddujBG+qH/J7YGYJIbBquS6UOVTKM7DouTJhPRf17L67G5og+2MMDDly1fI27p7YTr0aOrojlN+nanbFjlcpxCpkdFHuh2ysOhCiVJnAOYw3yt68CHc+oYUQma7ufyoSPJ0IW8d4KNM1NEQMDMH9k+3WfDGDkY4SHwAKKZ+q6ZsklowumxqhgybMyAwZ6SArPKJrhZA+AquDYHb2BCqYONf2nF7IUKdUQAXfacg2ODDpq20T85mdSGEHJdSM8YAooDK5hMAnkVRRkbIy/BHKEUCPSQb5IicBcPwi4L/RqmY8koefwgj3TH4Rfe1GqMjQKh8MHIbf+OZwQVRUwnGSUjLJ6F8YlSbCSOoDgBfK3oyGH/jdA/mBTO7cn8YF/wg+ff5wH8QhWS2/wUYsV0CXwY+Tl2VFOMRjVlDMtcs0zNQJgfC/SfQ4gJsrqfRAJKxQEGKUj5RQND8qjoAjTyi7x6SfEYNBHT/BPxpYDgkflGUnTW7AgwG00PJr3w3TKVCkKigsK4wQoflrXPTGMJMYQPSR6PToutkIcwQU1Exus60R3Dao2xazdwPZac4IdsOmhkAPvOtS2xN8U1OWiq+FMkh1TpSE4QH3hVyoxZ29oHiuA0H7In6EIywmNdQLqQyxAIBkwAYCBpfsikmBwiQGkapss5KDCRjTAiMv/xAAiEAEAAgICAwEBAQEBAAAAAAABABEQISAxMEFRcWFAgZH/2gAIAQAAAQoQGVR3c24h4a6hBK4J3yLlmPxiV4gT/PcudxODTBXCk1YHgBubYjUI2myV4lHcEFk7Mbvj/lh0IdYBU7yrYWyVTV4T8m8SdPEgoSz1O0ODNPCGsLvBBH/cLXgCpl8UxYcUFS8BwzTBUo95X5Q7myG2UFQZE3zexERjl3hQjzAWKHXdLZn5gQS2XjufSDFNJrjHfELw6RQ2YbcFHrIU3gvAlRSVIRP6QX3KV3LvJsQKhgooypbL+4/xPhPYiyJBywguvFaylh4fssLdJCyIFQejNajymstLvlTAqCotR6jnpCxVkKzA/IWAAwjpnwlv2Sb4uEdcCu2BAzWiAJX+p7UpkmrYNjWOdxdTGrknJ3ELjVEpGbdYqSoSxo0B7/iC4QGSj1FrHtBK4DHUolAxWkt+vCn2unSMdINQwM/rD+wfCGRJrRiIBoccAhKqFYtZ24pVRQQB+cN24NQnySoPfE0kyCSG1kOyPZP8CuC3KJ0RXPWCOmC1LvBUdml67I7b5vcc6sqHWAYkjqO5WlwFNaOjtIAiylJzrBjzDhlyKMqaRsUnXeFfWplTmUElJRAKihOdM8BEogy7/wAhRKZ0wGpcl4dUGLLxaJoZ2eBVtiVwKIIchrhSFeGHGspoLYlzExinRQUfsH0ceHI0luwZX2bQAXK7gN2ICQasBEnIiDqlZUXeBEB84wMLg5QzpnTkS5cXUUWmdk9/DvBCasQhnbHUIK4GVmeHUspA5wIML5mgWF8Gs2LshY6VJwiVbKkSV4KYhUmTDPwQRBepUiKK87eDhUZoZ1zp3P6ZRcUcep7Te/IHqGC+p/E7ZQuEuMxNFFTbG8GgGZj7m06Gkhsklg9IoiY/R5NLOkTgISsCNCwYSpMyShwNUOtxGyxFE/eN2ZNesIrhaJ1bnTvKl6wUu9zupGgp8CDvEoxgGolQqKj2YVQRQFxa00Y6giAPeIg7iJdwDvAkt0f99aizS4scKe5YwQ+k2TC/K4gLCmwzYQLxlUkokGp7cfTDZFOpb5BSx3PgcU9HL2xtlRZqw1y7uUXUrncgfYNTcgCVyVUKHw/kOyE3hnxdIDAqyatJk7Al6jTbNkYyulZB0yatQAniFuXNWIrqUgxcOhWekeyAGI9m0GH8wagQJZGKAn8TbjqMvvNF4OmbIYoM0Qqyr3O/CnSUdwocWHgNVNsIpbilQUsFUIgDYBWAqV33kQhGUGl7d4OQRKAuJgQIXBg8EsINsJ5k4wojnkrW8gGKzkTWFRPrAmzrgNwTcfrhNHu+Iu3xn8incTaAKjyYB0NtpivSjKgDHBBwH3XC5CiFWTSjDXiS/csDMFhVsIaYoCjULAgHJBqGDRkP3thgompKIk7yFnAgtxfTE0y1jzH41YqmgGoSKFtkxJPERHFimUAzvricP2BsiBErNAb5DHDGCkNECiLU/H8YWQ1FREEA9lHuOvtFx94HeC0+Ue4t+ca1DhS3kbAM6utisbygkHw1aVkg7lLMqji44PTUtGXSBFTZW47zUEGkg1NOsBR7lkrgVNIr1FPuLfg7R9SkoGHxF8+4Sc7a4tk3QKwnBHNgePqqn7BnXXhOzUexLUKKjTK4dmTSyVBNDAPU7luArNJX5ARYa+oa5n9bolOiz0UeqH6lMrNw2C8DY3oBlYEvFELH+b8lgEIUicMACXg+6cQQpbO4IJZgKivxroqmlwQ9zs8X/t/T+zcvjuIXHQyYQjoDyZX/AJi1DBlrcIyrWEgM5JAa5bLhC3NoI9RBc7vEylM3xMs9/wDFRRWEQCcCGUMG6c2bIOalf4VUK14C9piBQCyAIkl3wcU1R0mnXgq5eOyp6lGJqX9xXf8AiyDUVm8owhkrmDUbEkgVK/yLM0CJwI4iTBXumtcVvF7wq/AsJYYRgVFFN/r7/wAYZFjGPWUhZtMBcvwBr1Eas2oZDrjBh/vg0tp6ABK7aNaOue6UOFBFa+dTpOk6IamnAGqUR75EfKoSNoanPtJUchMGSIBvct+tv2W9MHQjke98lAMvZXKbc6N4bcaYuQPbLCDZgcWQ74a2NyU3UNLm/wCBMVko61zbtVRB0nUBRO+IInQVzP7CaHhKY/liGoBBXUXAtP4RV7cb4qDeOkC8l0lFwV/na3cVE1aLwKpVGIbgGRKB+f5KPtnzNy2EnUE9SganaOO3WE6EqCPvhpn6wRvh/hKYKnVf9EF+MVgH/sVate/Ci5EIOYWzUSgTQmiaZt7gPVK7UV65Eogncd9CidT6QfRgE1ntFb8JvBWIPUSvFdRGvDtJjHRf+EHKlidzz7RaQQgQa7lhVEKOjwrsGjaGVRbLMX8ZVYLudnh7QbjqVS749Il9og4JVcuO0RG85I8WR2LhJDydpSTT3PRg3VnVcNdeK3FYJZUGyW8Bcd+F2ilEd8L9qHZOqZ+81cYzuLxErwg4rWLCvBYRZE59FOvc0K+dUJ0TYTaoRRdzsnt8PaaEu15DlCaCLmeJetFQn2cGZrwUID4QcBfuFEUV/h6J6zuTseYRdRfKeCDE6C1JO+dYApgIe9ZNJcYwgMYNRnZ/kMRTUFJO5CUE7Zc/8YnbiLh/BGwVRrKh3B8AMk4UwFgLQ/lfCVk2OMAABkfid/5FXUpqdcFViPyOVXFdv8KM+kAI98Avrg4iJ5Q9QVkqZSJFp7PeU03QTikMcbiqJqSG6lwS/wDKF6m3eLowgKihgXcfOFxlwARx4Wy2Y9hajEWAreRxkjxQeuFsxzkBQIQYWf4SuKkW+Rmh/mL7Ah6lSLeDpDgleZ8GmMCHLMG5bNkCjHp4oLwSwQLgxfIpvLSGJwZVGyHGMKv/ADUTQTqnRwmMDRfLd3DlUQRU3Rbci8VURPVRDESm45AicOFoooFgmiGJr3i6jZZagQwof865omidUHgighp+dqGfKLbuERUUYZN8gwKhCi4ChFdng6kbZCVHG/cEEEoIn2hBMDivyXcsJGC23+ZiqNRNUphTM0Mo8pQ75qlyUgRAUMrE7Tc3AqIkVF2XTwq/Us40EuVXxzRgGAE09zc8b93n4JVk/wA/VOhgMdsztmlnXkNY7S2VlwIUqVg4dTsS5QCAxQn4lQVCY0e++NpE6QGSMaDwFowg3peOiB62/qHTT/iFxUQUZUE7J3wUvKag3yiglQxTNJeou4ggQ1AzfzwPlKJvV5Vg7KhghBCI3MOsgWpLg9QIMnXlD0mslEadSowwOoib3BXmMXbqeE+yoZvUFtS6i+qepZKGFy/lrJFYHri8qQORkHh1xZcuWe4beLrxL0IfFk73KJTKhHUL1/kFCIyTUAqG+9xQoFREiAVwS5VBY9wpj7WRTYqFM8x08Ez940Xh3KSW6DwEYcFSoRK49HHreNf2VfUvqyfxRn4g/IUCEqcHG3vggr8Sn5AXWItFxOpFFCNbQJRDQMY4hx506rC7YO1l4NCNe8+7IVEWR6LS8CVVHwNxO5h/JSEp2TslqQhsHpQ9JosuPTWABq4mJEU4EimD7IM/E/MISR+sNZEWo5L4su+XxSKSDDeGBls2zf1t+tpKlRLb6Mig00Cizv8AHpEdRlEIa56IkU5IdR7iI1+570RK+ibECLZdXBYYaLOHr0LIi2lREvJKWEc68VrWDMVfRLZZ9/nNBP5wSwiJf4MCUER4DD3O3IFAKcCVgL4VPSLbQEVNXAekZ1AKAqU0GTClTgFwd9TeT634RTiZOEhFhOllGmDvI0oCqMQlsOElEQ0VKdIBP4QTEdbg1NJpKINwctpivfLN0SuOssGRc65XHmAAdcFzEV20RoIhsAz2pZc6JTrwgkgAJZP2ZqEabU9l1oTU+S+gtlwzTbnuxIBTKQDIEHK0Y15H9N/tXHWAWJ6cFKJ6yxmCGbt1DGLep09SadArw3oEUbkJD0rLsRKoGz6I7UDajmz6SmmBIMreZ33K0isWUTTOvcukiiAxadtjdl4YEAITQBVCVSyOfuFJRP7kP6Sx7w/8/aBNpt6cB++J7IdPCrvJuBWKgRAtOyCHpf2WemBN4VPgUABspBtMhZKS8aERdLJRjDmw5o1lDjanHC/bApOTVyOgX0NEqN+pYHYRXA8PyCMH9peWh2bhslstn0J/Ce9gHZkdDKl8gOJFpgfRrVEO6iCJSgVYn8kb9QNxO6ItJnqVAEoFw/uEllrYgicDs1BcShs3DLu3h9GUrtGliyWSVIcyrvrANJf3yLUuqCdy7uB8gfIB6DPbB7cAGwLhxFAMKoSpuMWzZ0D84iFixXrnIMuFnecFlmJBEiAOKKIglv0yyXDyAm4smrggKPzgdEzYC2Uwbvvxm4gNTrues1lEonSKdkHeK1FoldCGsBK4FoJdRFaIAIWsOYMYkBWEUAAHC4D0hSFmwhEzKKiLgQ4bdYHhS9L1RshUTOuTyRGEdGW/DwmDgiwibYVweOqiBY3F1mbMKI7nVlTLonbMBxI+0bQwCCsKp0lkyqEQIKqLiKvwHUMioCOPsQVFp2xFmCinGN9tAI2NH2XKxbIRnV0lTChj2ZaURAEoaSBQBA8irYE0HB4F3Dlwy41HvHqWJwRz2h4ABWLuXkipzXvT7qONCYYEVqm0YISWVNiwK4FywAJDVPyaBiwwbiXRAHmPAFuCNb2kASpQqiqoMiPOHa0sGhyk1+UaM+stqfDGNclsZY4+0ahgzRKKgINk291IVByJNOh1IEnf9p+Nvj6bqOdYnv5BaKpKVtqriADRjmPT/wDuP2aEEtCnPYsELfWz2vEg+gevSW0+RIPCiqTRB+RaL8qqH1OvAl3NL4i2hqodFRkowNN4AGD9TSLgJSCqODJMoElGnhG9ZkpElJV9vGzA7RYeO1VmSxB5AjnN0m4oytSS4kV7Nt3LOkbYxp0JdvatgB3AjzsZRUOuAe4O4K24jSWKl0Ll3HqhRm3BV0Yiqxg0BM6tbnXL9CENMgqMigK4W/vD1eH0sFCtJjxhQoIU3u5IbTZg4UO2XKlg00KyETn0SusRO82gGBubOBbcLFIlP2sh7Ty5cYocfQ0JdFC4QQ33TxvjUqFjdy6Klpjp3EPluXP3FLEMZCoV/FUyi4XrhoaJEOiFaptJFRQH/YuiUQhpqcBsXBDDyymdSLU2wUhELco3wAGGzswNS5YREAwqkIKa3uXhR2pVEmgZcFgzKuCjTTVnOuC0gURoCH0MWUEtlJEorOLEgBi4G25pQl3wuVogEGLUmokzUH5gNGgSSkE9QJ6nvjZioCaw4CCoJ3L3AlwMQvYKwIxETQw0kSygAsqlSR0wJY3FqV00XJSnmZTvCRki0cNbAS3obeyf2K1ZBx4FVTQRFLKl1QOSz/luXrhcuMu+pahC53otGqC+0upcHYx3TDemGkrD3ioWhfECVAhj7dzTKJ2Sw4ppSlL9NHlPckFwJU7S6AwaNhDACOHZU27IAshqNWMgVZqdbhjRZLBJ7MRsUiOik7jVNbobYrijh8R2G6Cr0v7ADrNy80F4FlpVsVonZRB04AClUs0OAMNxRRfZXNOHaGOlSxyvcnruXkBYAya2dGoTCLIRN1wqsXubKQQFOumBDUFIIBAaMJNIY2HpFt1Dfon7FPoa6y8bitEFbLvu1ZbBWFmGLFXLSyUdQqGuk7YMMKFIfc194CLWXxzXh0XlSOWGjwbQSIsKjFRYYc5IgxEo/OP/AK77n8HF8ElWywCDgG5T1FOuCWwHuD5A/FqcO+DyLfsFgpW7lsUggwBS5WbDgLlJFQt5SKtFUS8HgQSgAVxINcgYO+Tn+ygC7yrthrcow2RT+JYOo2M2bxzHw9dxEiRDgZtnZxUBBcXCs1txi0CzGkR6iWMvwjNStQyQ7xfhuKYcXpVLSsFS8uXmwQVNZQRGWg/Z3glMqsME6xjmn5L/AA064WiPaKopqeegMCTHNMSpNuJF7UGAwaVNANLGu5XOihMriIEqORLi5uLLlxT2xZBZEBR8uXgwQxajRU0RSDdqdcLLBhAqlCxYss+p20bOlpN32uRreW7QZnZN+YDCsLlRa7qpQZ1lnqMrcQilGB0mBBpoAQx1L4DguXFqMXwuXLzWhhQACL5XTFOppmgcS13N/IYIxMDdO1TCjJr0R+0W++VEwizQIo+4tr4P+QSolO17ybm2AW1BxeUDYhUH5ee8dMtLRbhOpcvfFZcvibnVXhdwPs6hLTasD0C8IhpbpDSLYhOjBc2FoCGCMQ3DFU9oO49+d0uOATaUHUuGgNUHG+S8bi87iXcQsigKz2FCF5JeFhqKqwTSqG6TrhETEB5e4yzRBu3IMuPWJp1xvxOsDUGC1FiJrNGWjxOTwPIJU/8ADRqUfIF1ctIDUmnc6Z0OD2qK8FLoIIEMCXLcnbFKgfvDgxgemQ+iDtqS2mVPqPTYS9aFJpgdidqzf1hYYoBTRUVhMPNhHi+AwcDuVFYHPUaoYr346CoEFDDtwbt7hYFJkyyMOjUG51N3SgmOgT8gKDDlwhIMAkzf5Z/NPdWLR2B/pvImV52sMpREU6Uo0bI8hqBBwAnUtMwgwqsFFHbqAVkuXhg7w9Qr1Abs2bYwAFStKyuy2N3NSpUqVsBSreb4XJgx+CzGXYKMze7j5pfNqS2qrMvV8D3EVKglCIWsOkq0wFkFUlJSSbxqEUcuc1cHYlAlEoQw5VZvhJEF0aZd4FAnJ9y+F4vxdZqViuKzEztrDwpPLeibdYBNSsbgmHA76gQn2QXRNiMgFoEgLCRWpTfgEUvRAwkPAdSoal3UMEDjBD7gUQlXY1tK4ILPSMCyLl8QXqfye68jgMXKyxW1gYf9uUrcVJhKDwEPJqoutQdy7hLQTaFTOhiuqHLuJCr2Jcv+TfEaICAekrTJVZ/9D3ie5coGLuxitpAJlm4ESixiPCq0IYgWhb0gq+fOKgWoqqhtJbw8VY7gYuVnqBIhExiwEEF8GiqAT4gtRuewhNk4TaYR7aiwz/w11FrJvpLgxVCtm0EOZoIK2G3JtYJq/bbO3w9AiYDsYk2SGJV95viR3KjKLyG7xJTFykqJ2F5QJBbOh51Kx3A5s7SExUH2KssEICiYW7KAXGUCXLQOEIZQRKGS4xDJTGVgXBDOsu4+yInUGPbufhLZjSEyGGKjL+QWEVqvAcKQRgOo6CbFiRY7zK0CTozrqV4RQPEHGsuAYNEUWBuwPfYvVFEBUL2+S6tcs1DIsV4xbUuDTLVGJLJd4IhSWNia7A+aRogcNy4IuvWQpMOKrPgGQuaY3GUAzfUUkQIOKvsHi5zOLFIgN6ZXpSmhKuAPx1UOJtFvHbCliABgK6QVjIBMqwwVRHFkXVNhgyfzDEpQXxkT3YcGzgdYEfJvfspsyPAcmJZ7zeBRBekTpKVmw1QQx9S6qCNPgaXAXq5sM0DB150aPkmihJRsxAhndnbC9JQlyywGYx438tJVZIdYLGF5Pa1gz7gfmFmWDwOAYhHHUYdPMQ4F1MAVg5i4x3h6DDrgaBBcZcCQYUocD//EACMQAQACAQMFAQEBAQAAAAAAAAEAESEQMUEgMEBRYXFQgWD/2gAIAQAACxMQ87G/5DIB7eFvU0W+I/yxWMVhrStj11dghkqGY1b3UcH/ALVaEEMVCSgoN1LrHJt04CqEYEr0mtGL+xZBLRYc1pSKXQY2oGOksjYoqKodNyrclVhBXMZY0k6OSkcv7FWs2kYbiKETAbCuqiMMwwuSmJjfSLqLjHsqxFlGKQbxdkSANdGWpar+qBqsIIml2wfmJzUWs2AkDQSDcpZnZhlLdQZJMxsgKgoCFQYBsEa4EBDSwoDfP9TBHRRM1lEPyKVeBlRIqkRZbgohBiODGdUSRAN4ANaRnEXwxCEaBlApP5gYR/p2GS9IrkTiaMmQDZrGjqIu4AInYBzZroKQlPU2gBw4zgQ8sgxaYpKYUVqiVoKWz5Q38Hfo/OkeGYHCOjYgwZ+oC2aMF3LveJCGIFEADCdhTw2VhuF+4KVYsqguJJwRLaKoTFbj8qMb9JHv0CipD9aAOASpBzYwh9jpX1G6sdzqCkELEmNa9RuqmWDdqlsYFukG+W5dGggU+OG/iAZWIiCM4YeiKCNlbwBtAWpLZgrhPnQhQi0RrhNAjskddfqb5GIgmbOLRQiYVqqCLee/t17+JgknbDZuk2zSKXMXtvsimaj5dB6A5nTKiSyusL4sBoKCi2o4CdxoIcVsfxt/ELAAwmIpVB8lchkkNzTCwTfzoXub76YZGquvEBqZFAFMZ8FWxMPE1c/yX4WEJEyDGqQ05mTIdyYbhwvtNsl7stwEstxm5Cgf5V8SiVFkA6FR6EVE4bdhQX2XiBsBydswzO1q25Y3pLWaZAWSnF5G3hbb6dhIXUguHkhMMKxKtHeL37LKQwsIPZC6kSdNr+CfYfv+seqkGu4AgEyEbgBR1N48vQxEKVkpcrU0GolfzKSB7TKNkFSSiqiPjiuQCijC3Kzgsg8A8XHjI4SEhW0DUZTLJJA/QU0fF2lpJRCGEI9C2MQHXt/HHSENVWWAoNzdVfGosGBHhVcF0g+JnFH89pWgpQESZBynYNAcUrmAZWfZH6dVsWDwQAO58tDtbfyQlGkGLFeupzC22Tvc6QdkIX1OYBBBDMkyHh3+HQansUsLLnIcP2eo2UP96qggvwlaov8AF2jFIht2H4cykK3Z3mXN2QWNvAr3F/ky1t9nks57SEG4Jt3n7H0gej+QW2RBcLofCLri5t3GegPQ7A5jg++S6Hoxo7wQCkZ4HS2x7Icr6oeh/EDlX7Q9D076qvviIoiYN6IgRQk6w9vulev5+/QwjDz3B4BN1vUeRS9RFK9f0d+lowYkHZAuaTFXQOlKcP8AY3nvqtBcjqTFtNsDpXNCqAjzK86i2E25HptIAXAa1V200GX1CjcLSW/2dq0uiAZgR2+l2JFiR8YsGDG3WOuCJIlxf2NpVtNiH4w8j7wwRwaUGFN/skcEus63oH0ndo3u5Av7LdMgf0l8P2P7+k3sty9BUdRPbfbG1QmRiZfn7eEuYofjVK5VXSUElsuh4qXVeyeo7NjY1aLqOe/5we5wwDjrzhlKWUPpsbg+jsKhekslRZx+6/iX6/k+qINX2NpzCbnU6UWw9SrgA60SqOqC/Yv0fJ8Fbr+RbMsU6Y6s4mLPj0jwxxICiPQOUewBRIdScq8rfvAjXoT1mKhyocdR9lodFyTfUeEssGdABvi9NAtUcjT+ii3RGjSu6cIPn360ej/fciOdADIdu0tjRtKdGbbWsJeW1E2Sja8dN3LKerbihNroCglcfQ3RhdxJRbl2hYqYVOGUsw+WvoDsRr2dRwX2jis+lSpmTFXA3HQwrlnXeWKda5Yb83nW9DIqK1xlikUqbQlpAZDShS0M9rOcoUJeVV3cBSD5LsETd7bTFpjAcz5E7WY2FSwBmtW9GBNCSX2bVIsFhaL0GiMQmKdu3Di0brGGF1xC90LUSxdTcda/DvDuuIhvnTmL4E+sjkKqbzHSujknD2TYgRVKk31WMJLRQky1HTkAgphWXAsoKsErIqkWY8HbrtUSijp+An+w/X/F7n0T3Ct4uzC7wGNslRYToA9C8kvbOsilqZZTx03KSw1DPTwBCTcoBFbz0YbcuRm55NDsB9r5k3Oh9lOF2kA7SBsD+BDflOwFWnVKRIDpnABZXUNZEQvLEt0X+GpGH9kSlCS9cnRhhFEKN3yeA7DWwo40bBNsV8t1HaVZgXHTi2RBcyy2VwsWJ0PyIUliiBRHqKUkH0TcMKcWkpFoO9h5WTrDmZ3vQMRp3OpkGQLEFxHqtAmcGj8g0UaEhgahKEySWNopGGQ62eODitMyiwDPyUpK/wB7Ve5cvubF2WbBhgDVUBBPyWqSjbpv1HAZhutsg7GIyvqO1iiYHxKMXqPWAUlIZFtqSKGKggfEyibJh21d7Z2clNAoDoXAfksBEL1CuiIcAvaaYd4solBYKaHpsucbLPLT8yGAAJ0FLIcBCagjpeIUzOaRDIDIMXNpajyeHeSJpUuCffStiEGbprTmDVEG20XAjZU8iMFAQJXBMiUvNOBHDD43wHMMMSlyx9Qu0a1wzUQECRLjN1xwkcK6VSeTRbQN11BhqSPpmAMATmy0ZI1PqWo0gOyoKskrmGuLmhbMNy2lR27mxYkYzJPvX6jAxJTPhYIKWoAUAkKe5s+Ft1iiQWRnqDeujOrYxbAZwwiFVqWuFBJQ3UckMK611ZnyAIJWpA2rVjX2AAtZgUtsccwogvcWxGQaI4SXAG9KCe5v3NiEXciTjJNk6dpjgqYE3IJuPcTkXWgXEVe4AWvXXvWEzJ90aggjdgLeyl27TqXtDlVURlF27d9ysGqb2fKHienDMtOxSJwIQCsmPruf5FIUATBgegPaC2eNkOKa6RaFI9DGtoq5g0BwE9rlVlE9mVdnj/QOjhlsAQGMb6IwRVMlMFWurjrjEtUwayCeztCbkh9H1QgnuiyiVFkd2aKt+HPo6m2ShkpzFZcGpfZSCjMKfHHs+kfIezRClVbjsYs5FczPGtxkqcoDyQ4rSQWMN2Y8ZC4JY1vqfo9wEhFQAdotoJGHom2HtwusR0yy/R8dFeRqwx5NyBvofcs+SpTo2CShWIXzL8mmd4YJtp7o/R6YpmHKDd2GgRpha4LmHq7biQqL0F8r+dduw1PRhd0+1roUsIix8k/YcYHB5AJuJgF2yq1zL3181+h6H9D5r/r8E9sfg/vZWsvmer2FPHN66X4Z1l4E/IWiluyj1OCPp6z3icc7Cu4J3x7dm6rpbjK0bKQCjtjkfmDwSo7s4u6/HDEYo7x6odkMg6wo3jnQ+yi/Lo3YckqtOzXRemS+yfvQu4TtWNkphOixJLRqfiuY9mhkCfDUfgt14h+/JraX4dg+Q+3/ACD6fRNLqukjDpo2S+4M5B/yfgQq4e9bWPJLlDwJ6gGweJ6IHztPDqpcJTmc9u1KO+EZ/vRnGvKH080/ejJUs1aG6pM8k+TabEsW9q+Jbnx8PQHcgN15OY/q+4XvL+v4wjneKlOiOGYa0oFEVy9p8kVM9BbAsB/BKhh213aOwdpXEXd7T7YvIL9n4H3DSwtjbUI/H9aHJ01do4Qjz59OM4Y0wXLc9teJur2vrAOv5MIIhVKpWn09WnKJkdLDk+fy5GgIIm4Mwh2oP5dq7LFOlGDtKtEXlexYXlct1h1arMabXXO7rU2h++Q/huEkZFsAKugYSIhkTCcMr503ELWULQlEpdovTrvrZg7DW0oRTF1bODTcIaiT2PPW1HaKQWMQKKUyStSpc+k3a6GJ1LVTOjLeU9xkw3hn6H0tuKluJRXTWlsrlEMUUbxXJr3Eu2OOTNJrbCROxcvxKC2oH9Zwm4IyCrzIBNAVgYNcaX0FlAzaRuZFKhQMxh6H9G3aW4Oj/HgAVjTG0zvMiShFcstEQ+s7rMwPbHgl8DG+ToBuwdmXNw8SxoByX4KRgIojqYTioBXCmNtLU12mFgI5myz1rgBNzp3ZndjSrjnnmH4Gi+29jT7NhCaxluCFKjrQWH5EeJbaMByPQg5ofRwiJ98NKBiEgjIrc9wZtPScO5aAbRd3S2WCVapkMurJheuBMp00gQ1ZcAzlZblrQuyzg+RpMznsXwwZXJOSou7+rp+isnh0xBdE0i5bemd7LYdpI9jNxDMpdN6gRJMJgqF4uCnUbkyM6D7BbD0MXYm1QzK1yJGgYV9oMA9y/nqgdulJZMB8J9QRADlgULCiAlgIlJqaDO6cCqWWAKJkJdWYGnKtcqYg9GI5UOjBUxN1a4WS6zKo0YztsM3fYyrw1YKsUGIKIhrob7xzQclrDeku6NcU1sl1wjomw40+SlVOmrlZoYESziU0IUxMGZ6mEPiC+GjvDEZ+hA1os+gEsBtWm2gq86ckymmU1yphubtVTdn/xAArEAABAgQEBgMBAQEBAAAAAAABABEhMUFRECBhcTBQgZGhsUDB0eHw8WD/2gAIAQAAFD8Q+dcw/wDIVDf+Qo7vtaHGufQ32tFut8a6Kpc6rjurIZuX9xsZhXqM1wRFXqtwrZBiwgOc1LQWgdUwuFQgt9jsrtBUwXCoTFUOW/4FrPytFqCqgq2FHHObsVqcN0YcDBzEDv8A5igOgcTYIAAyUiLjQqrwUFcZQ7KjqnF0AYlCBaRcIMQggHAMiqhByTsgQSeuA5tAMCnBJsyAAmqMBWtF1QUWDqIgxZMmYK6VMEKLMY9lIYKiu2OqMNS0mc9FWgcIwliSoDsGVGSVVtkHcqouI4FoSZ1A6LkBiAahm5qFMgwO4PZWQi2iyAYquyAPu6F95ITHYgUxqQSQREDYvVBoGQbKjMeioFMhjoicUpJwugmA2BKEkh9IQHYoz9nQJHYZhUGBIIuBEijNpANRBTBrzSRqiwMXsC/dRJ1kVGKhaR6lQMMTEdFGmD2YqLsHuQNxdTI01AgWUGneVA0O67FWphUkT6ZEATCwAmgOSabj5RP0nA90xOELIuy0VQjC3/SDkDjqAykwAHy/NLhB3phqsUTbEMjN5RkgiRdFMNiQifaIt3RRkpAUupUNgFTRVIWpUgBgizo/1fsi8EGRiN1FNoFF07oTJEWu0EWcINxIQi4DYEk7Y9uXyRPQQDAqjR8Q5IN4AVIkUUHUHRgUc0wGinc6YetOi2QrDK9cxkFCkQ0VNyoumSdyjIgGHcCg7CiDq3XANxyiHR0GIImDryugqUGYqTR56ogdFLm6K4qLjCIAwShUcjYoxPxQDogWRcPshLdGWSmyiz0Ci3XVbquiFTRXOb2Ugf1CP8IsGVKgEIdBgW3RkoJA/wAjgLRJUEhwVIBBgHM3rHleqMdZKAgi6ARK1QHYIvoD6S6YiIIGj2USAkQT1lsnIMwOQuUXBb3VcJFpDrwKDNBEr4SiD1IMwpsoAtOzUlCJCwA6lGqt6uwUiZoqCAWMq4D3jlcg6+VEkTD2U0x9TZERUAUwuL6IPGJ6KoixJvvnIovuHJYcDsdcbOiqCKpHHo9kIECw90Hbh3rAEAG5TEFrjsDZFyHLuHlZmckowM0pFtVWjwyi8Qoip2eGGk48qhBY8S3Eo5DKwipM54JPZCiS1JfsgcyEJmJMUXLYjqS4dVQgD65XcEuplIfKgSBgMQd0alrwKiQCQbjC5N6VWOfL8KqJOEwAInwmGxXjYuoj1BAjzwru6srwk9vaAaQFgqYIJi2gzVCDAGJjM8sLEnABupFzPonSFMBvMJoEDGoLwVRIKDCaB0JIXUqEm+RoI+1cQ8iEIiMPUq81MABBFHwITEICjtyypzTokBx1ATgMiJXRds5buT2TAEgT0cyQi7XQFTMZqcRD18eiqJfS3EugCLAJk/6K2MGYButRPWKqQAC7o7nc8lOcwuNFAFiTOswhI+mi9JiCmhmDTNoMhco4DsqEGfYn5FiRCMCwF5RZsnWUAfScOdwALPVGJDkdypUgOWVUzSBNCKFSaMruEQQ0eadaARPRE4cMHHZaCPtaFvj3YFJAIdSey2Jd0HdlCRKZgFbMEf8AgFOXxHQXBCkIfRGbvByTiFaB4PxtSygADE+kYuE0BYQLbhFgK7KDJkNOYl94X1RYHdVBwSmyLkJx3I+qEzAeDFGXRL9EIwHUAhO/x4Ghf6RYgULQCkAGgiwAUCVyLWHNIBs8lBpi9UIAGI852huggs6PZE94nIULNjNEHnOItA3lASjF2YJ58qAdJc2On2HURQboeBJ0CQRRro/3EjJbghwRgPVgVSLn3zmLM8ExwZ6gaL/ZTflRNHUd08ExdcdCfhU5QRA9FVcacI8IsaAIwCgGnOyzLHRF33Gh+FAAp6lqfgQ4J+YOBugdEXIXFx8CQCZRbGVInw4Dk1FLhejojPW4acYsALosSudLDGpshFxDn64MlLmZYkpaH5xPrVGLQ/jIISA++io5BvGA54WIIqCv+A6qD24Jj2BSGpucsDAihJj/AOAL7twiCM8QHqSkNgLZexNSAAtC5y5/YUZA3NDstkRmlssUfHbIWDfSL6F26LknU5hEPRf4ot3OasEYBiXBUi4OYsQq7oS9xUnVn8BUVIlUxPfOZn/itsJ0iFsiOOJkq5+mFzAe1MQx5zrkCP4KRFxccYQu7DHQVKA3vmYyJYanlhG7RTB4gppkouh5jRSzSVSwtCcsxeyEJcLwCmTrlDwNenMK8HUBb80ifR4MDsUgMwi8T6ZA6HKrocHULfmmNRqFKkRnE9EGYZ7X8jITFPCgihgGZV5SIBvwev8AFqH+88/tBBmNRlFSupwLEAfa1n6Zq8pKCE0S3ZBkYnGiq4HtbMaX7ZYCCepBiDZslT/magON2dUAD2JyUy05CEEEEFDJQpgSILg47H0tg+sdQug+clEOj+0H+owEAuSq0zmlAJ8nG7shMhAeVRQK9lXXCuEyoqY+bPAIIZIoZHpjso4bBOuSgJB4OcpPhCPjNpFaxHhsdHfanSPfyRAg6qiMXs6gCyiShBBla6iThD5dOJJGSUAEJQUgrjvKViclXcwVHCqaeVUOwVwB7WgbGog9sixAkcXLOqB8ipsC4I0Uqh+wV1qvY0UC6kMbIT+VbilSfdGSGyiOgUS3spuAO92JPRQYAAPS0P8AclyceDhJxvEFXg1oB3KuBHy6sJ9myFiCIhUNf1CAlB6jaFEaxL62gnmbjQ4FSwRABSGwRkLKp+eWCKAKHFDYCCohAbXRj/MBJwdg8sKOclAke8FHke7KZkf1wKIwmYXJvT5bo+3Uw9imDFGExMXKEl5pSxMkMUAEyJEsK4mQuh3PIqKQVMYoRUut0GAwlhDrlnuVHWKwBu6MafRSGg0yUIPoqgh8AwgA3IY8Cl1QxHxhYACO75T1NwqgoU0Qg5czsS7kXfAgBQB0INmmmSBOikGiryGu6kMRFF2QjjN1BqaI2jU+LYpn+lSpdcuqFf5YCZEx1CMxqpEZvJQoCzwFoCVcn+8xgT6VUJgQDo5KkHXYQe6Glwg7yBL6xryOZxEzoi5O5QxcPQAm6ADlPtCiPUkqUyV3mbRWAH3hVdQNiv8AYIwOSpSVSyu0Vchlds9D7CmWMpgAPZhNuSjdg6VFMR8rXhGew0VMgU5uoaLYGVhN88iard9NjP8ANkvtGWymDY4xBFcfBuqg56FVPAUWG+nnR3XbjAptmbhBrlVW6YbckplcRH6ldFRUV/CLkkzJzGVTJMgNXgrvpLIHeq3+BFwVIhTRZg0SoW5MT0Q0AP7QFkIAaKJikckHUShfsFCJPOER0JREiInsdkGT3sEZ6MqSogJQlSPKhCKLdkNQW6MaAUrANMxdtSg5oAjeALEgd05R/wCKL4Bwdwj0A0CbuGfZBmUgUB0gkDdUph6MiWLMjjsmUZZ3Qk+SgEdAEZdC5wkFSeiNHeOiZSD8UDdsKnUqmqqLqooflz6aqe7PIdUSgDEQdBOJJw7z7pw+FK5vkgnEdAmW3KOyJIO6kooqKDAdESAdCJFQJ3CDHJJyiT/FRS2YFHMEwNKbvMBOXQifUjIYdhUVf4VflTUm+iiw1HB3UyVdijgUQpOxTuiK+xED7BEu/UEHTOK3wAMsVTEwP+dAs1dTL84FEWI6VdHXgV6owQYf3CZWV7Y1QLwfln+CpvxRfNuqmtYfaLAiYE6P7UxvxZYBOCg2g8QfpCaMHZPqjAKCwUX4i/YKv4MPORK5VV/lhRAfaHpQqJbHLVlcrQgqIAibQqCLETDVOB6qfGoiZ3hhQkEKBAiIOoxojBAkN2l1QOdg72mk91H0eXTAMOyDZKpbCT9QYdAqWfKFsv3dD/jgcfCoMKhT0FvaYDGZEnaogF4GBbcLxPPojw7IlRqbIB74mZI7iCEwnYTKjbP9E1u8erIz7S8KADRBBcdlDNQXVTcoMkEDAY1FQrfICLD9qORIoxBOJNri6tVUoxrgHSIUQdwYIwJ1Eh0CiJs4pqhAHYsvJIbygQqmAwEIvIIYyUkNiaT2n3QEe5QEBZ5bIj7JKd5UPZABDg2thTCeSxmPkliodlVA9Qg7bhRxvZTIqFQGa0woqjGmyobYQQYpmJ/tN6I59pz2v3wRc905KojbtJOUEEVAcCZ6Za5qKhVHyoFSdKqWgi6mFU0VTVWV2b94AhuUjscoylAoMFFQUeFIpo8n8DdSbRUOGpCs4IdH7UjseAON5FDi2+ducBGEhxJKI7I+wfhfals4xgOPX4Gr5KKo+XRU2Uzy3ZbYSUkUZ6IMxsjhEn40B1KgOt0G4MyonA/Bvxao4HCZGSiEUYH+r7+OUG+DXi0+AUeD/sUIj5pzhBU49PlySY+W7AuhwhXh3+dLZyenxaYHAlHAYHCHBmEPfITx6cKg4NGmr0yU4PpZT6fLOpHgG6fIB3exBgXiW8MyAYf5QQCNjE2nEU+LRTirBa8WY+SEWE7d0oUOjmI3SQDEwxkWYt1UgCY9bxgOyEEYBO+X0ojAIqPCrhMcAT4FVqtFcxW3JoMGGrwbqAchQtMzJwgAcJPYIRIz6SEQQWI6HAYbrEEDZwaIuRV6m57MK5qOq40UAEHZBiE4gYCyPEuVYTwkWgiqYV5DNSJAvaRGoTjQJfLk4Kcb0JQYeAeYQBoCCJkYQTAk2eYDD0RLHHbQOwuTwdJ5NcodQ4lpBXM8KExRUzmpnmUVX4kwYOGwcqAf2xAUEKh6a4FnLx3RFEAeZEjVCL0wdTDqi6bRtB4THSTIs4UQwGDseffCxyaHPRSyTU8mqsFrmvkqp5VUUUPiVIOFNixNTGKABmi0gcMAurAD2oGvZmU7dS6YouSmdMkGKd8QWBMmR4OFM3QmAfR59MNMm2a/DvRWrhu/1whNVwC+lX4+gooQCg5EW2hBoI+jEqlovDtgZmpbhx1TBUOaxFIZIHWojEHsTNtl9rSK2x3x1H8W5y3bAIYSVMthNXMMKsOHXCZzaLX4RYgiCDQuEweQAT3RYHPEaqIMAQYKAQAUACnBa+BLMARODwTJETdycIuXMDMAosiwAcxsAk7JhEMmo5algZDA4bLZb4Uhjr/1at+5aQ4V6K5mrCGGp5OWKETSgNuyDFMEKJJ0aRmC6Y2WBBNMlpJwmILuBq5FyqAYz4NgVJ4QAcQDhmiQiBnEGZFnCsKY1wpk1GG+OhGbbKMZ4LBXx05QyBBiJaQGKLChiAbFimvBIpQh2UrigNnNHUghFOADACU8GZ3EkY4xove/A3OO+XfL/9k=');

-- --------------------------------------------------------

--
-- Table structure for table `hotel`
--

CREATE TABLE `hotel` (
  `HotelID` int(11) NOT NULL,
  `Name` varchar(30) NOT NULL,
  `NumberofRooms` int(11) NOT NULL,
  `overview` varchar(140) NOT NULL,
  `description` mediumtext NOT NULL,
  `WiFI` set('TRUE','FALSE') NOT NULL,
  `Swimming_Pool` set('TRUE','FALSE') NOT NULL,
  `Spa` set('TRUE','FALSE') NOT NULL,
  `Gym` set('TRUE','FALSE') NOT NULL,
  `Bar` set('TRUE','FALSE') NOT NULL,
  `Restaurant` set('TRUE','FALSE') NOT NULL,
  `Full_Board` set('TRUE','FALSE') NOT NULL,
  `Half_Board` set('TRUE','FALSE') NOT NULL,
  `Pets` set('TRUE','FALSE') NOT NULL,
  `featured` set('feature','header','false') NOT NULL DEFAULT 'false',
  `FeaturedMainSilder` set('TRUE','FALSE') NOT NULL,
  `Suspended` set('Enabled','Disabled') NOT NULL DEFAULT 'Enabled',
  `location` varchar(20) NOT NULL
) ENGINE=InnoDB DEFAULT CHARSET=utf8mb4;

--
-- Dumping data for table `hotel`
--

INSERT INTO `hotel` (`HotelID`, `Name`, `NumberofRooms`, `overview`, `description`, `WiFI`, `Swimming_Pool`, `Spa`, `Gym`, `Bar`, `Restaurant`, `Full_Board`, `Half_Board`, `Pets`, `featured`, `FeaturedMainSilder`, `Suspended`, `location`) VALUES
(1, 'Ritz Carlton', 500, 'This is a simple overview.the data here can be changed by the admin.the data he This is a simple overview.the data here can be changed by th', 'Rtiz is in france', 'TRUE', 'TRUE', 'TRUE', 'TRUE', 'FALSE', 'TRUE', 'TRUE', 'TRUE', 'TRUE', 'feature', 'TRUE', 'Disabled', 'Paris,France'),
(3, 'winter palace hotel', 2000, 'This is a simple overview.the data here can be changed by the admin.the data he This is a simple overview.the data here can be changed by th', '', 'TRUE', 'TRUE', 'TRUE', 'TRUE', '', 'TRUE', 'TRUE', 'FALSE', 'TRUE', 'header', 'FALSE', 'Disabled', 'Luxor,Egypt'),
(4, 'sheraton', 900, 'This is a simple overview.the data here can be changed by the admin.the data he This is a simple overview.the data here can be changed by th', '', 'TRUE', 'TRUE', 'TRUE', 'TRUE', '', 'FALSE', 'TRUE', 'TRUE', 'TRUE', 'false', 'TRUE', 'Disabled', 'Luxor,Egypt'),
(5, 'bloomberg hotel', 300, 'This is a simple overview.the data here can be changed by the admin.the data he This is a simple overview.the data here can be changed by th', '', 'TRUE', 'TRUE', 'TRUE', 'TRUE', 'TRUE', 'TRUE', 'TRUE', 'TRUE', 'TRUE', 'false', 'TRUE', 'Enabled', 'London,England'),
(6, ' new hotelsasdfas', 3999, ' dsafsdfa ', '   atafadsfasd ', 'TRUE', 'TRUE', 'FALSE', 'FALSE', 'TRUE', 'TRUE', 'TRUE', 'TRUE', 'TRUE', 'false', 'FALSE', 'Enabled', 'Havana,Cuba'),
(7, 'Emillio', 8, 'overview', 'emilio hotel', 'FALSE', 'FALSE', 'TRUE', 'FALSE', 'TRUE', 'FALSE', '', '', 'FALSE', 'feature', 'FALSE', 'Disabled', 'Luxor,Egypt'),
(8, 'test', 8, 'test', 'test', 'TRUE', 'FALSE', 'FALSE', 'FALSE', 'TRUE', 'TRUE', '', '', 'FALSE', 'false', 'FALSE', 'Disabled', 'test');

-- --------------------------------------------------------

--
-- Table structure for table `inquiries`
--

CREATE TABLE `inquiries` (
  `InquiryID` int(11) NOT NULL,
  `Author` varchar(12) NOT NULL,
  `Email` varchar(30) NOT NULL,
  `Inquiry` varchar(600) NOT NULL,
  `TimeStamp` timestamp NOT NULL DEFAULT CURRENT_TIMESTAMP
) ENGINE=InnoDB DEFAULT CHARSET=utf8mb4;

--
-- Dumping data for table `inquiries`
--

INSERT INTO `inquiries` (`InquiryID`, `Author`, `Email`, `Inquiry`, `TimeStamp`) VALUES
(4, 'asbkjabf', 'adfakuf@jsbafkb.com', 'asdgagg', '2020-04-24 17:41:05'),
(5, 'Ramez', 'ramez1700124.miuegypt.edu.eg', 'DgdgDGsdgD', '2020-04-24 17:42:31'),
(44, 'Ramez', 'ramez1700124@miuegypt.edu.eg', 'asaddaa', '2020-04-24 19:56:58'),
(45, 'Ramez', 'ramez1700124@miuegypt.edu.eg', 'sdsfss', '2020-04-24 19:58:59'),
(46, 'Ramez', 'ramez1700124@miuegypt.edu.eg', 'sgsgdgdg', '2020-04-25 14:32:51');

-- --------------------------------------------------------

--
-- Table structure for table `inquiryhistory`
--

CREATE TABLE `inquiryhistory` (
  `InquiryID` int(11) NOT NULL,
  `EmployeeID` int(11) NOT NULL,
  `Inquiry` text NOT NULL,
  `reply` text NOT NULL,
  `Timestamp` timestamp NOT NULL DEFAULT CURRENT_TIMESTAMP ON UPDATE CURRENT_TIMESTAMP
) ENGINE=InnoDB DEFAULT CHARSET=utf8mb4;

--
-- Dumping data for table `inquiryhistory`
--

INSERT INTO `inquiryhistory` (`InquiryID`, `EmployeeID`, `Inquiry`, `reply`, `Timestamp`) VALUES
(3, 4, 'some text', 'adsgasga', '2020-04-24 19:36:20');

-- --------------------------------------------------------

--
-- Table structure for table `newswire`
--

CREATE TABLE `newswire` (
  `ID` int(11) NOT NULL,
  `Email` varchar(30) NOT NULL,
  `TimeStamp` timestamp NOT NULL DEFAULT CURRENT_TIMESTAMP
) ENGINE=InnoDB DEFAULT CHARSET=utf8mb4;

--
-- Dumping data for table `newswire`
--

INSERT INTO `newswire` (`ID`, `Email`, `TimeStamp`) VALUES
(2, 'ahmed.mahdy1899@gmail.com', '2020-04-22 18:16:21'),
(3, 'Ramez1700124@miuegypt.edu.eg', '2020-04-22 18:16:21'),
(4, 'adfadfkb@hotmail.com', '2020-04-24 17:41:56');

-- --------------------------------------------------------

--
-- Table structure for table `newswirehistory`
--

CREATE TABLE `newswirehistory` (
  `MessageID` int(11) NOT NULL,
  `EmployeeID` int(11) NOT NULL,
  `Message` text NOT NULL,
  `Email` varchar(300) NOT NULL
) ENGINE=InnoDB DEFAULT CHARSET=utf8mb4;

-- --------------------------------------------------------

--
-- Table structure for table `packages`
--

CREATE TABLE `packages` (
  `PackageID` int(11) NOT NULL,
  `CruiseID` int(11) DEFAULT NULL,
  `PackageName` varchar(60) NOT NULL,
  `ReserveLimit` int(11) NOT NULL,
  `HotelID` int(11) DEFAULT NULL,
  `Price` int(11) NOT NULL,
  `TourGuide` set('TRUE','FALSE') DEFAULT NULL,
  `Transportation` set('TRUE','FALSE') NOT NULL,
  `TouristMap` set('TRUE','FALSE') NOT NULL,
  `BoardType` set('Full','Half') NOT NULL,
  `NumberofDays` int(11) NOT NULL,
  `NumberofNights` int(11) NOT NULL,
  `Suspended` set('Enabled','Disabled') NOT NULL DEFAULT 'Enabled',
  `DateIn` timestamp NOT NULL DEFAULT CURRENT_TIMESTAMP,
  `DateOut` timestamp NOT NULL DEFAULT CURRENT_TIMESTAMP,
  `Overview` text NOT NULL,
  `Description` text NOT NULL
) ENGINE=InnoDB DEFAULT CHARSET=utf8mb4;

--
-- Dumping data for table `packages`
--

INSERT INTO `packages` (`PackageID`, `CruiseID`, `PackageName`, `ReserveLimit`, `HotelID`, `Price`, `TourGuide`, `Transportation`, `TouristMap`, `BoardType`, `NumberofDays`, `NumberofNights`, `Suspended`, `DateIn`, `DateOut`, `Overview`, `Description`) VALUES
(3, 4, 'Rome/Milano', 100, 1, 1000, 'TRUE', 'TRUE', 'TRUE', 'Full', 10, 11, 'Disabled', '2020-04-22 07:35:00', '2020-05-07 10:00:00', 'Overview test', 'Description test'),
(4, NULL, 'Around Europe', 40, 5, 500, 'TRUE', 'TRUE', 'TRUE', 'Half', 5, 6, 'Disabled', '2020-04-27 11:34:46', '2020-04-27 11:34:46', 'testing overview', 'testing desc');

-- --------------------------------------------------------

--
-- Table structure for table `reserves`
--

CREATE TABLE `reserves` (
  `ReserveID` int(11) NOT NULL,
  `GuestId` int(11) DEFAULT NULL,
  `PackageId` int(11) DEFAULT NULL,
  `HotelId` int(11) DEFAULT NULL,
  `NoofChildren` int(11) NOT NULL,
  `NoofAdults` int(11) NOT NULL,
  `DateIn` timestamp NOT NULL DEFAULT CURRENT_TIMESTAMP,
  `Suspended` set('Enabled','Disabled') NOT NULL DEFAULT 'Enabled',
  `DateOut` timestamp NULL DEFAULT NULL,
  `NoOfSingleRooms` int(11) NOT NULL,
  `NoOfDoubleRooms` int(11) NOT NULL,
  `NoOfTripleRooms` int(11) NOT NULL,
  `NoOfSuits` int(11) NOT NULL,
  `BoardType` set('Full','Half') NOT NULL,
  `Status` set('Waiting for approval','Approved and reserved','','') NOT NULL
) ENGINE=InnoDB DEFAULT CHARSET=utf8mb4;

--
-- Dumping data for table `reserves`
--

INSERT INTO `reserves` (`ReserveID`, `GuestId`, `PackageId`, `HotelId`, `NoofChildren`, `NoofAdults`, `DateIn`, `Suspended`, `DateOut`, `NoOfSingleRooms`, `NoOfDoubleRooms`, `NoOfTripleRooms`, `NoOfSuits`, `BoardType`, `Status`) VALUES
(2, 1, NULL, 1, 2, 2, '2020-04-14 09:00:00', 'Enabled', '2020-04-23 07:00:00', 0, 2, 0, 0, 'Half', ''),
(30, 5, 4, 5, 0, 0, '2020-04-30 11:43:08', 'Disabled', NULL, 0, 0, 0, 0, '', 'Waiting for approval'),
(31, 5, NULL, 1, 0, 0, '2020-04-30 11:43:26', 'Disabled', NULL, 0, 0, 0, 0, '', 'Approved and reserved');

-- --------------------------------------------------------

--
-- Table structure for table `reviews`
--

CREATE TABLE `reviews` (
  `ReviewID` int(11) NOT NULL,
  `GuestID` int(11) DEFAULT NULL,
  `PackageID` int(11) DEFAULT NULL,
  `HotelID` int(11) DEFAULT NULL,
  `Review` text NOT NULL,
  `Featured` set('TRUE','FALSE') NOT NULL
) ENGINE=InnoDB DEFAULT CHARSET=utf8mb4;

--
-- Dumping data for table `reviews`
--

INSERT INTO `reviews` (`ReviewID`, `GuestID`, `PackageID`, `HotelID`, `Review`, `Featured`) VALUES
(1, 1, 3, NULL, 'I Was Happy to visit Egypt with Speedo Tours', 'TRUE'),
(2, 2, NULL, 3, 'Winter Palace Hotel in luxor is magnificent', 'TRUE'),
(3, 1, NULL, 1, 'Ritz Carlton Hotel is real deal in france', 'FALSE'),
(4, 1, 4, NULL, 'This Package Made me in love with europe', 'TRUE');

-- --------------------------------------------------------

--
-- Table structure for table `rooms`
--

CREATE TABLE `rooms` (
  `RoomID` int(11) NOT NULL,
  `RoomNumber` int(11) NOT NULL,
  `RoomType` set('Single','Double','Triple','Suites') NOT NULL,
  `Status` set('Free','Not') NOT NULL,
  `HotelID` int(11) DEFAULT NULL,
  `GuestID` int(11) DEFAULT NULL
) ENGINE=InnoDB DEFAULT CHARSET=utf8mb4;

--
-- Dumping data for table `rooms`
--

INSERT INTO `rooms` (`RoomID`, `RoomNumber`, `RoomType`, `Status`, `HotelID`, `GuestID`) VALUES
(200, 1, 'Single', 'Free', 7, NULL),
(201, 2, 'Single', 'Free', 7, NULL),
(202, 3, 'Double', 'Free', 7, NULL),
(203, 4, 'Double', 'Free', 7, NULL),
(204, 5, 'Triple', 'Free', 7, NULL),
(205, 6, 'Triple', 'Free', 7, NULL),
(206, 7, 'Suites', 'Free', 7, NULL),
(207, 8, 'Suites', 'Free', 7, NULL),
(208, 1, 'Single', 'Free', 8, NULL),
(209, 2, 'Single', 'Free', 8, NULL),
(210, 3, 'Double', 'Free', 8, NULL),
(211, 4, 'Double', 'Free', 8, NULL),
(212, 5, 'Triple', 'Free', 8, NULL),
(213, 6, 'Triple', 'Free', 8, NULL),
(214, 7, 'Suites', 'Free', 8, NULL),
(215, 8, 'Suites', 'Free', 8, NULL);

--
-- Indexes for dumped tables
--

--
-- Indexes for table `blogposts`
--
ALTER TABLE `blogposts`
  ADD PRIMARY KEY (`PostID`),
  ADD KEY `EmployeeID` (`EmployeeID`);

--
-- Indexes for table `cruise`
--
ALTER TABLE `cruise`
  ADD PRIMARY KEY (`CruiseID`);

--
-- Indexes for table `employees`
--
ALTER TABLE `employees`
  ADD PRIMARY KEY (`EmployeeID`);

--
-- Indexes for table `gallery`
--
ALTER TABLE `gallery`
  ADD PRIMARY KEY (`PictureId`),
  ADD KEY `PackageId` (`PackageId`),
  ADD KEY `HotelId` (`HotelId`);

--
-- Indexes for table `guest`
--
ALTER TABLE `guest`
  ADD PRIMARY KEY (`GuestID`);

--
-- Indexes for table `hotel`
--
ALTER TABLE `hotel`
  ADD PRIMARY KEY (`HotelID`);

--
-- Indexes for table `inquiries`
--
ALTER TABLE `inquiries`
  ADD PRIMARY KEY (`InquiryID`);

--
-- Indexes for table `inquiryhistory`
--
ALTER TABLE `inquiryhistory`
  ADD PRIMARY KEY (`InquiryID`),
  ADD KEY `EmployeeID` (`EmployeeID`);

--
-- Indexes for table `newswire`
--
ALTER TABLE `newswire`
  ADD PRIMARY KEY (`ID`),
  ADD KEY `Email` (`Email`);

--
-- Indexes for table `newswirehistory`
--
ALTER TABLE `newswirehistory`
  ADD PRIMARY KEY (`MessageID`),
  ADD KEY `EmployeeID` (`EmployeeID`),
  ADD KEY `Email` (`Email`(191)),
  ADD KEY `Email_2` (`Email`(191));

--
-- Indexes for table `packages`
--
ALTER TABLE `packages`
  ADD PRIMARY KEY (`PackageID`),
  ADD KEY `HotelID` (`HotelID`),
  ADD KEY `CruiseID` (`CruiseID`);

--
-- Indexes for table `reserves`
--
ALTER TABLE `reserves`
  ADD PRIMARY KEY (`ReserveID`),
  ADD KEY `GuestId` (`GuestId`),
  ADD KEY `HotelId` (`HotelId`),
  ADD KEY `PackageId` (`PackageId`);

--
-- Indexes for table `reviews`
--
ALTER TABLE `reviews`
  ADD PRIMARY KEY (`ReviewID`),
  ADD KEY `GuestID` (`GuestID`),
  ADD KEY `HotelID` (`HotelID`),
  ADD KEY `CruiseID` (`PackageID`);

--
-- Indexes for table `rooms`
--
ALTER TABLE `rooms`
  ADD PRIMARY KEY (`RoomID`),
  ADD KEY `GuestID` (`GuestID`),
  ADD KEY `HotelID` (`HotelID`);

--
-- AUTO_INCREMENT for dumped tables
--

--
-- AUTO_INCREMENT for table `blogposts`
--
ALTER TABLE `blogposts`
  MODIFY `PostID` int(11) NOT NULL AUTO_INCREMENT, AUTO_INCREMENT=13;

--
-- AUTO_INCREMENT for table `cruise`
--
ALTER TABLE `cruise`
  MODIFY `CruiseID` int(11) NOT NULL AUTO_INCREMENT, AUTO_INCREMENT=5;

--
-- AUTO_INCREMENT for table `employees`
--
ALTER TABLE `employees`
  MODIFY `EmployeeID` int(11) NOT NULL AUTO_INCREMENT, AUTO_INCREMENT=5;

--
-- AUTO_INCREMENT for table `gallery`
--
ALTER TABLE `gallery`
  MODIFY `PictureId` int(11) NOT NULL AUTO_INCREMENT;

--
-- AUTO_INCREMENT for table `guest`
--
ALTER TABLE `guest`
  MODIFY `GuestID` int(11) NOT NULL AUTO_INCREMENT, AUTO_INCREMENT=6;

--
-- AUTO_INCREMENT for table `inquiries`
--
ALTER TABLE `inquiries`
  MODIFY `InquiryID` int(11) NOT NULL AUTO_INCREMENT, AUTO_INCREMENT=47;

--
-- AUTO_INCREMENT for table `inquiryhistory`
--
ALTER TABLE `inquiryhistory`
  MODIFY `InquiryID` int(11) NOT NULL AUTO_INCREMENT, AUTO_INCREMENT=4;

--
-- AUTO_INCREMENT for table `newswire`
--
ALTER TABLE `newswire`
  MODIFY `ID` int(11) NOT NULL AUTO_INCREMENT, AUTO_INCREMENT=5;

--
-- AUTO_INCREMENT for table `newswirehistory`
--
ALTER TABLE `newswirehistory`
  MODIFY `MessageID` int(11) NOT NULL AUTO_INCREMENT;

--
-- AUTO_INCREMENT for table `packages`
--
ALTER TABLE `packages`
  MODIFY `PackageID` int(11) NOT NULL AUTO_INCREMENT, AUTO_INCREMENT=5;

--
-- AUTO_INCREMENT for table `reserves`
--
ALTER TABLE `reserves`
  MODIFY `ReserveID` int(11) NOT NULL AUTO_INCREMENT, AUTO_INCREMENT=32;

--
-- AUTO_INCREMENT for table `reviews`
--
ALTER TABLE `reviews`
  MODIFY `ReviewID` int(11) NOT NULL AUTO_INCREMENT, AUTO_INCREMENT=5;

--
-- AUTO_INCREMENT for table `rooms`
--
ALTER TABLE `rooms`
  MODIFY `RoomID` int(11) NOT NULL AUTO_INCREMENT, AUTO_INCREMENT=216;

--
-- Constraints for dumped tables
--

--
-- Constraints for table `blogposts`
--
ALTER TABLE `blogposts`
  ADD CONSTRAINT `blogposts_ibfk_1` FOREIGN KEY (`EmployeeID`) REFERENCES `employees` (`EmployeeID`);

--
-- Constraints for table `gallery`
--
ALTER TABLE `gallery`
  ADD CONSTRAINT `gallery_ibfk_1` FOREIGN KEY (`PackageId`) REFERENCES `packages` (`PackageID`),
  ADD CONSTRAINT `gallery_ibfk_2` FOREIGN KEY (`HotelId`) REFERENCES `hotel` (`HotelID`);

--
-- Constraints for table `inquiryhistory`
--
ALTER TABLE `inquiryhistory`
  ADD CONSTRAINT `inquiryhistory_ibfk_1` FOREIGN KEY (`EmployeeID`) REFERENCES `employees` (`EmployeeID`);

--
-- Constraints for table `packages`
--
ALTER TABLE `packages`
  ADD CONSTRAINT `packages_ibfk_2` FOREIGN KEY (`HotelID`) REFERENCES `hotel` (`HotelID`),
  ADD CONSTRAINT `packages_ibfk_3` FOREIGN KEY (`CruiseID`) REFERENCES `cruise` (`CruiseID`);

--
-- Constraints for table `reserves`
--
ALTER TABLE `reserves`
  ADD CONSTRAINT `reserves_ibfk_1` FOREIGN KEY (`GuestId`) REFERENCES `guest` (`GuestID`),
  ADD CONSTRAINT `reserves_ibfk_2` FOREIGN KEY (`HotelId`) REFERENCES `hotel` (`HotelID`),
  ADD CONSTRAINT `reserves_ibfk_3` FOREIGN KEY (`PackageId`) REFERENCES `packages` (`PackageID`);
COMMIT;

/*!40101 SET CHARACTER_SET_CLIENT=@OLD_CHARACTER_SET_CLIENT */;
/*!40101 SET CHARACTER_SET_RESULTS=@OLD_CHARACTER_SET_RESULTS */;
/*!40101 SET COLLATION_CONNECTION=@OLD_COLLATION_CONNECTION */;
